bsb,oai_identifier,datestamp,title,description,publisher,date,language,type,identifier,contributor,creator,subject
bsb11355810,oai:bdr.oai.bsb-muenchen.de:all:BDR-BSBe991009706799707356-59449,2024-07-02,Journal des économistes : revue bimensuelle de la science économique et de la statistique / 47. 1877 = 36 = Année 12,"Société d'Economie Politique | Volltext // Exemplar mit der Signatur: München, Bayerische Staatsbibliothek -- Cam. 77 o,3-47",Paris,1877,fre,Text,http://mdz-nbn-resolving.de/urn:nbn:de:bvb:12-bsb11355810-4,,,
bsb11576963,oai:bdr.oai.bsb-muenchen.de:all:BDR-BV014122445-5049,2025-01-25,Handwörterbuch der Staatswissenschaften / 6 : Statistik - Zwischenhandel,"hrsg. von J. Conrad ... | Volltext // Exemplar mit der Signatur: München, Bayerische Staatsbibliothek -- Cam. 64 x-6",Jena : Fischer,1894,ger,Text,http://mdz-nbn-resolving.de/urn:nbn:de:bvb:12-bsb11576963-3,"Conrad, Johannes | Elster, Ludwig | Weber, Adolf",,
bsb10227421,oai:bdr.oai.bsb-muenchen.de:all:BDR-BV013602839-13197,2021-11-07,"Jürgen Elert Krusens, ehemaligen verordneten Lehrers an der Nicolai Kirchenschule in Hamburg Allgemeiner und besonders Hamburgischer Contorist / 1 : ... Theil. welcher von den Währungen, Münzen, Gewigten, Maassen, Wechsel-Arten und Usanzen der vornehmsten in und ausser Europa gelegenen Städte und Länder, nicht nur eine umständliche Nachricht ertheilet; sondern auch solche beschriebene Münz-Sorten, Gewigte und Maassen, zuvörderst gegen die, so zu Hamburg, hiernächst aber, in angegebenen Tabellen, auch gegen die, so an andern Orten gebräuchlich sind, genau vergleichet","Volltext // Exemplar mit der Signatur: München, Bayerische Staatsbibliothek -- 4 Merc. 53 d-1",Hamburg : Erben des Verf.,1782,ger,Text,http://mdz-nbn-resolving.de/urn:nbn:de:bvb:12-bsb10227421-0,,"Kruse, Jürgen Elert",
bsb10227707,oai:bdr.oai.bsb-muenchen.de:all:BDR-BV020487336-24407,2021-11-05,Die deutsche Handels- und Zollverfassung und das Freihafen-System : mit besonderer Rücksicht auf Hamburg ; nebst einigen statistischen Uebersichten des hamburgischen Schiffahrts- und Handelsverkehrs,"Angeb.: Neue Verfassung': ... des Hauses Seefahrt ... Bremen (1841). - In Fraktur | Volltext // Exemplar mit der Signatur: München, Bayerische Staatsbibliothek -- 4 Merc. 135,25","Hamburg : Perthes, Besser & Maucke",1848,und,Text,http://mdz-nbn-resolving.de/urn:nbn:de:bvb:12-bsb10227707-7,,"Soetbeer, Adolf",
bsb10358612,oai:bdr.oai.bsb-muenchen.de:all:BDR-BV001650827-31136,2021-11-09,"Geschlechts-Geschichte des Hochadelichen Hauses von Campe auf Isenbüttel und Wettmarshagen [et]c. : nebst dazu gehörigen Stammtafeln, Wapen, Siegeln, und andern grösten Theils noch ungedruckten Urkunden und Nachrichten","zusammen getragen von J.H. Steffens Rector der Zell. Schule | Der im Inhaltsverzeichnis angekündigte Abschnitt III des zweiten Teils ist als Abschnitt I des dritten Teils und der angekündigte Abschnitt I des dritten Teils ist als Anhang gedruckt | Die Illustration ist eine Kupferstichtafel. Die gefalteten Blätter enthalten die Stammtafeln des Geschlechts von Campen auf Isenbüttel und des Geschlechts von Bodendick | Volltext // Exemplar mit der Signatur: München, Bayerische Staatsbibliothek -- 4 Geneal. 76 m",Zelle : gedruckt mit Schulzischen Schriften,1783.,ger,Text,http://mdz-nbn-resolving.de/urn:nbn:de:bvb:12-bsb10358612-5,"Schulze, Johann Dietrich","Steffens, Johann Heinrich",
bsb10388385,oai:bdr.oai.bsb-muenchen.de:all:BDR-BSBe991009705859707356-23257,2024-07-02,Journal des économistes : revue bimensuelle de la science économique et de la statistique / 9. 1856 = 15 = Année 3,"Société d'Economie Politique | Volltext // Exemplar mit der Signatur: München, Bayerische Staatsbibliothek -- Cam. 77 o,2-9",Paris,1856,fre,Text,http://mdz-nbn-resolving.de/urn:nbn:de:bvb:12-bsb10388385-7,,,
bsb10388391,oai:bdr.oai.bsb-muenchen.de:all:BDR-BSBe991009706179707356-33179,2024-07-03,Journal des économistes : revue bimensuelle de la science économique et de la statistique / 15. 1857 = 16 = Année 4,"Société d'Economie Politique | Volltext // Exemplar mit der Signatur: München, Bayerische Staatsbibliothek -- Cam. 77 o,2-15",Paris,1857,fre,Text,http://mdz-nbn-resolving.de/urn:nbn:de:bvb:12-bsb10388391-6,,,
bsb10388767,oai:bdr.oai.bsb-muenchen.de:all:BDR-BV020365312-17901,2021-11-05,Moneta i věs v Rossii do konca XVIII stolětija : Izslědovanie D. J. Prozorovskago. S tabliceju risunkov,"Volltext // Exemplar mit der Signatur: München, Bayerische Staatsbibliothek -- Cam. 429 w",Sanktpeterburg : Tip. i litograf. A. Tranšelja,1865,rus,Text,http://mdz-nbn-resolving.de/urn:nbn:de:bvb:12-bsb10388767-7,,"Prozorovskij, Dmitrij Ivanovič",Geschichte 1600-1799 | Geld | Münzgewicht | Russland
bsb10388945,oai:bdr.oai.bsb-muenchen.de:all:BDR-BSBe991005968399707356-39926,2024-07-23,Annales des travaux des sociétés de statistique établies en France et à l'étranger / 6. 1830,"Volltext // Exemplar mit der Signatur: München, Bayerische Staatsbibliothek -- Cam. 607 o-1/18",Paris,1830,fre,Text,http://mdz-nbn-resolving.de/urn:nbn:de:bvb:12-bsb10388945-4,Société Française de Statistique Universelle,,
bsb10389044,oai:bdr.oai.bsb-muenchen.de:all:BDR-BV013891574-27571,2021-11-07,Le vrai livre du peuple ou le riche et le pauvre : histoire et tableau des institutions de bienfaisance et d'instruction primaire de la ville de Grenoble,"par Frédéric Taulier | Volltext // Exemplar mit der Signatur: München, Bayerische Staatsbibliothek -- Cam. 624 a",Grenoble : Maisonville [u.a.],1860,fre,Text,http://mdz-nbn-resolving.de/urn:nbn:de:bvb:12-bsb10389044-8,,"Taulier, Marc Joseph Frédéric","Charities, France | Education, Primary, France | Public welfare, France | Frankreich"
bsb11182629,oai:bdr.oai.bsb-muenchen.de:all:BDR-BSBe991001024279707356-6643,2024-07-03,Jahrbücher für Nationalökonomie und Statistik : = Journal of economics and statistics / 23. 1874,"Volltext // Exemplar mit der Signatur: München, Bayerische Staatsbibliothek -- Cam. 76 id-23",Jena : Mauke,1874,ger,Text,http://mdz-nbn-resolving.de/urn:nbn:de:bvb:12-bsb11182629-2,,,Jahrbücher für Nationalökonomie und Statistik | Geschichte 1963-2013 | Wirtschaftspolitik | Wirtschaftsindikator | Volkswirtschaftslehre | Wirtschaftstheorie
bsb10619970,oai:bdr.oai.bsb-muenchen.de:all:BDR-BSBe991001023809707356-48548,2024-07-03,Jahrbücher für Nationalökonomie und Statistik : = Journal of economics and statistics / 15. 1870,"Volltext // Exemplar mit der Signatur: München, Bayerische Staatsbibliothek -- Cam. 76 id-15",Jena : Mauke,1870,ger,Text,http://mdz-nbn-resolving.de/urn:nbn:de:bvb:12-bsb10619970-5,,,Jahrbücher für Nationalökonomie und Statistik | Geschichte 1963-2013 | Wirtschaftspolitik | Wirtschaftsindikator | Volkswirtschaftslehre | Wirtschaftstheorie
bsb10685398,oai:bdr.oai.bsb-muenchen.de:all:BDR-BV001662839-49285,2021-11-09,De numis orientalibus in numophylario Gothano asservatis commentatio prima : Numos chalifarum et dynastiarum cuficos exhibens ; Subiuncta est tabula lapide,"Volltext // Exemplar mit der Signatur: München, Bayerische Staatsbibliothek -- 4 Num.rec. 92 f",Gotha : Glaeser,1826,und,Text,http://mdz-nbn-resolving.de/urn:nbn:de:bvb:12-bsb10685398-4,,"Möller, Johann H.",
bsb11034266,oai:bdr.oai.bsb-muenchen.de:all:BDR-BSBe991022398809707356-21266,2024-07-23,Statistische Uebersichten über Waaren-Verkehr und Zoll-Ertrag im Deutschen Zoll-Vereine : für das Jahr ... / 1851,"zsgest. von dem Central-Bureau des Zoll-Vereins nach den amtlichen Mittheilungen der Zollvereins-Staaten | Volltext // Exemplar mit der Signatur: München, Bayerische Staatsbibliothek -- 4 Merc. 701-1848/60",Berlin : Reimer,1851,ger,Text,http://mdz-nbn-resolving.de/urn:nbn:de:bvb:12-bsb11034266-2,Deutscher Zollverein,,
bsb11182628,oai:bdr.oai.bsb-muenchen.de:all:BDR-BSBe991001024239707356-6199,2024-07-02,Jahrbücher für Nationalökonomie und Statistik : = Journal of economics and statistics / 22. 1874,"Volltext // Exemplar mit der Signatur: München, Bayerische Staatsbibliothek -- Cam. 76 id-22",Jena : Mauke,1874,ger,Text,http://mdz-nbn-resolving.de/urn:nbn:de:bvb:12-bsb11182628-2,,,Jahrbücher für Nationalökonomie und Statistik | Geschichte 1963-2013 | Wirtschaftspolitik | Wirtschaftsindikator | Volkswirtschaftslehre | Wirtschaftstheorie
bsb11507474,oai:bdr.oai.bsb-muenchen.de:all:BDR-BSBe991021147419707356-4539,2024-07-03,Allgemeine Verlosungs-Tabelle : Gratisbeilage zum Bayerischen Börsen- und Handelsblatt in Nürnberg / 1895,"Volltext // Exemplar mit der Signatur: München, Bayerische Staatsbibliothek -- 4 Merc. 109 e-1895",Nürnberg : Bayerisches Börsen- und Handelsblatt,1895,ger,Text,http://mdz-nbn-resolving.de/urn:nbn:de:bvb:12-bsb11507474-1,,,
bsb10624130,oai:bdr.oai.bsb-muenchen.de:all:BDR-BSBe991042444999707356-63005,2024-07-01,"Bremer Handelsblatt : Wochenschrift für Handel, Volkswirtschaft und Statistik / 1870","Volltext // Exemplar mit der Signatur: München, Bayerische Staatsbibliothek -- 2 Merc. 4 m-1870",(Bremen : Schünemann),1870,ger,Text,http://mdz-nbn-resolving.de/urn:nbn:de:bvb:12-bsb10624130-9,,,
bsb10931978,oai:bdr.oai.bsb-muenchen.de:all:BDR-BV012095179-14260,2022-07-07,Adpendicula Altera Ad Nvmismata Græca Popvlorvm Et Vrbivm : A Jacobo Gesnero Tabulis Aeneis Repraesentata,"Autore Josepho Khell ... | Volltext // Exemplar mit der Signatur: München, Bayerische Staatsbibliothek -- 4 Num.ant. 72-2#Beibd.1",Vindobonae : Trattner,1764,lat,Text,http://mdz-nbn-resolving.de/urn:nbn:de:bvb:12-bsb10931978-6,"Trattner, Johann Thomas von","Khell von Khellburg, Josef","Numismatics, Greek"
bsb11332206,oai:bdr.oai.bsb-muenchen.de:all:BDR-BSBe991001024529707356-35318,2024-07-02,Jahrbücher für Nationalökonomie und Statistik : = Journal of economics and statistics / 27. 1876,"Volltext // Exemplar mit der Signatur: München, Bayerische Staatsbibliothek -- Cam. 76 id-27",Jena : Dufft,1876,ger,Text,http://mdz-nbn-resolving.de/urn:nbn:de:bvb:12-bsb11332206-5,,,Jahrbücher für Nationalökonomie und Statistik | Geschichte 1963-2013 | Wirtschaftspolitik | Wirtschaftsindikator | Volkswirtschaftslehre | Wirtschaftstheorie
bsb11517114,oai:bdr.oai.bsb-muenchen.de:all:BDR-BV020202750-49574,2023-11-29,Schlesiens Münzen und Münzwesen vor dem Jahre 1220 : Mit 2 Tafeln Abbildungen,"von F. Friedensburg | Volltext // Exemplar mit der Signatur: München, Bayerische Staatsbibliothek -- 4 Num.rec. 39 r | Volltext // Exemplar mit der Signatur: München, Bayerische Staatsbibliothek -- 4 Num.rec. 39 r",Berlin : Lehmann,1886,ger,Text,http://mdz-nbn-resolving.de/urn:nbn:de:bvb:12-bsb11517114-0 | http://mdz-nbn-resolving.de/urn:nbn:de:bvb:12-bsb00075441-1,,"Friedensburg, Ferdinand",
bsb10388350,oai:bdr.oai.bsb-muenchen.de:all:BDR-BSBe991001022959707356-20506,2024-07-03,Jahrbücher für Nationalökonomie und Statistik : = Journal of economics and statistics / 1. 1863,"Volltext // Exemplar mit der Signatur: München, Bayerische Staatsbibliothek -- Cam. 76 id-1",Jena : Mauke,1863,ger,Text,http://mdz-nbn-resolving.de/urn:nbn:de:bvb:12-bsb10388350-4,,,Jahrbücher für Nationalökonomie und Statistik | Geschichte 1963-2013 | Wirtschaftspolitik | Wirtschaftsindikator | Volkswirtschaftslehre | Wirtschaftstheorie
bsb10388358,oai:bdr.oai.bsb-muenchen.de:all:BDR-BSBe991001023489707356-59538,2024-07-02,Jahrbücher für Nationalökonomie und Statistik : = Journal of economics and statistics / 9. 1867,"Volltext // Exemplar mit der Signatur: München, Bayerische Staatsbibliothek -- Cam. 76 id-9",Jena : Mauke,1867,ger,Text,http://mdz-nbn-resolving.de/urn:nbn:de:bvb:12-bsb10388358-7,,,Jahrbücher für Nationalökonomie und Statistik | Geschichte 1963-2013 | Wirtschaftspolitik | Wirtschaftsindikator | Volkswirtschaftslehre | Wirtschaftstheorie
bsb10388363,oai:bdr.oai.bsb-muenchen.de:all:BDR-BSBe991001023669707356-6688,2024-07-01,Jahrbücher für Nationalökonomie und Statistik : = Journal of economics and statistics / 13. 1869,"Volltext // Exemplar mit der Signatur: München, Bayerische Staatsbibliothek -- Cam. 76 id-13",Jena : Mauke,1869,ger,Text,http://mdz-nbn-resolving.de/urn:nbn:de:bvb:12-bsb10388363-6,,,Jahrbücher für Nationalökonomie und Statistik | Geschichte 1963-2013 | Wirtschaftspolitik | Wirtschaftsindikator | Volkswirtschaftslehre | Wirtschaftstheorie
bsb10388389,oai:bdr.oai.bsb-muenchen.de:all:BDR-BSBe991009706089707356-18281,2024-07-03,Journal des économistes : revue bimensuelle de la science économique et de la statistique / 13. 1857 = 16 = Année 4,"Société d'Economie Politique | Volltext // Exemplar mit der Signatur: München, Bayerische Staatsbibliothek -- Cam. 77 o,2-13",Paris,1857,fre,Text,http://mdz-nbn-resolving.de/urn:nbn:de:bvb:12-bsb10388389-3,,,
bsb10388396,oai:bdr.oai.bsb-muenchen.de:all:BDR-BSBe991009706429707356-53608,2024-07-02,Journal des économistes : revue bimensuelle de la science économique et de la statistique / 20. 1858 = 17 = Année 5,"Société d'Economie Politique | Volltext // Exemplar mit der Signatur: München, Bayerische Staatsbibliothek -- Cam. 77 o,2-20",Paris,1858,fre,Text,http://mdz-nbn-resolving.de/urn:nbn:de:bvb:12-bsb10388396-3,,,
bsb10684827,oai:bdr.oai.bsb-muenchen.de:all:BDR-BV001478438-28170,2021-11-06,Schreiben an Fried. v. Berberich die Hof-Geißtmarische Münze betreffend : [Nebst 3 Kupfertafeln],"Volltext // Exemplar mit der Signatur: München, Bayerische Staatsbibliothek -- 4 Num.ant. 89#Beibd.1",Regensburg,1765,und,Text,http://mdz-nbn-resolving.de/urn:nbn:de:bvb:12-bsb10684827-6,,"Plato, Georg Gottlieb",
bsb10684909,oai:bdr.oai.bsb-muenchen.de:all:BDR-BV020330943-42462,2021-11-05,Die Münzen des thracischen Königs Lysimachus : mit neun in Kupfer gestochenen Tafeln,"Volltext // Exemplar mit der Signatur: München, Bayerische Staatsbibliothek -- 4 Num.ant. 108 n",Kopenhagen : Bianco Luno's Buchdruckerei,1858,ger,Text,http://mdz-nbn-resolving.de/urn:nbn:de:bvb:12-bsb10684909-3,,"Müller, Ludvig",
bsb11039517,oai:bdr.oai.bsb-muenchen.de:all:BDR-BSBe991001024179707356-35122,2024-07-02,Jahrbücher für Nationalökonomie und Statistik : = Journal of economics and statistics / 21. 1873,"Volltext // Exemplar mit der Signatur: München, Bayerische Staatsbibliothek -- Cam. 76 id-21",Jena : Mauke,1873,ger,Text,http://mdz-nbn-resolving.de/urn:nbn:de:bvb:12-bsb11039517-0,,,Jahrbücher für Nationalökonomie und Statistik | Geschichte 1963-2013 | Wirtschaftspolitik | Wirtschaftsindikator | Volkswirtschaftslehre | Wirtschaftstheorie
bsb11314047,oai:bdr.oai.bsb-muenchen.de:all:BDR-BSBe991001024329707356-10806,2024-07-02,Jahrbücher für Nationalökonomie und Statistik : = Journal of economics and statistics / 24. 1875,"Volltext // Exemplar mit der Signatur: München, Bayerische Staatsbibliothek -- Cam. 76 id-24",Jena : Mauke,1875,ger,Text,http://mdz-nbn-resolving.de/urn:nbn:de:bvb:12-bsb11314047-2,,,Jahrbücher für Nationalökonomie und Statistik | Geschichte 1963-2013 | Wirtschaftspolitik | Wirtschaftsindikator | Volkswirtschaftslehre | Wirtschaftstheorie
bsb11576996,oai:bdr.oai.bsb-muenchen.de:all:BDR-BSBe991001025469707356-35776,2024-07-02,"Jahrbücher für Nationalökonomie und Statistik : = Journal of economics and statistics / 42 = N.F., Bd. 8. 1884","Volltext // Exemplar mit der Signatur: München, Bayerische Staatsbibliothek -- Cam. 76 id-42",Stuttgart ; Jena [u.a.] : Fischer,1884,ger,Text,http://mdz-nbn-resolving.de/urn:nbn:de:bvb:12-bsb11576996-1,,,Jahrbücher für Nationalökonomie und Statistik | Geschichte 1963-2013 | Wirtschaftspolitik | Wirtschaftsindikator | Volkswirtschaftslehre | Wirtschaftstheorie
bsb10228067,oai:bdr.oai.bsb-muenchen.de:all:BDR-BSBe991003146289707356-49018,2024-07-02,Beiträge zur Statistik des Rigaschen Handels / 1866,"hrsg. im Auftr. d. Handelsstatistischen Section d. Rigaer Börsen-Comités | Volltext // Exemplar mit der Signatur: München, Bayerische Staatsbibliothek -- 4 Merc. 714 p-1866",Riga,1866,ger,Text,http://mdz-nbn-resolving.de/urn:nbn:de:bvb:12-bsb10228067-7,,,
bsb10292056,oai:bdr.oai.bsb-muenchen.de:all:BDR-BV020231471-26318,2021-11-05,"Die Handelsverhältnisse zwischen den Niederlanden und dem Zollvereine, aus statistischen Quellen","Volltext // Exemplar mit der Signatur: München, Bayerische Staatsbibliothek -- Merc. 273-8",Amsterdam : Joh. Müller,1844,und,Text,http://mdz-nbn-resolving.de/urn:nbn:de:bvb:12-bsb10292056-0,,,
bsb10388353,oai:bdr.oai.bsb-muenchen.de:all:BDR-BSBe991001023169707356-41490,2024-07-02,Jahrbücher für Nationalökonomie und Statistik : = Journal of economics and statistics / 4. 1865,"Volltext // Exemplar mit der Signatur: München, Bayerische Staatsbibliothek -- Cam. 76 id-4",Jena : Mauke,1865,ger,Text,http://mdz-nbn-resolving.de/urn:nbn:de:bvb:12-bsb10388353-0,,,Jahrbücher für Nationalökonomie und Statistik | Geschichte 1963-2013 | Wirtschaftspolitik | Wirtschaftsindikator | Volkswirtschaftslehre | Wirtschaftstheorie
bsb10388392,oai:bdr.oai.bsb-muenchen.de:all:BDR-BSBe991009706229707356-33611,2024-07-02,Journal des économistes : revue bimensuelle de la science économique et de la statistique / 16. 1857 = 16 = Année 4,"Société d'Economie Politique | Volltext // Exemplar mit der Signatur: München, Bayerische Staatsbibliothek -- Cam. 77 o,2-16",Paris,1857,fre,Text,http://mdz-nbn-resolving.de/urn:nbn:de:bvb:12-bsb10388392-2,,,
bsb11576990,oai:bdr.oai.bsb-muenchen.de:all:BDR-BSBe991001025059707356-31489,2024-07-01,"Jahrbücher für Nationalökonomie und Statistik : = Journal of economics and statistics / 36 = N.F., Bd. 2. 1881","Volltext // Exemplar mit der Signatur: München, Bayerische Staatsbibliothek -- Cam. 76 id-36",Stuttgart ; Jena [u.a.] : Fischer,1881,ger,Text,http://mdz-nbn-resolving.de/urn:nbn:de:bvb:12-bsb11576990-7,,,Jahrbücher für Nationalökonomie und Statistik | Geschichte 1963-2013 | Wirtschaftspolitik | Wirtschaftsindikator | Volkswirtschaftslehre | Wirtschaftstheorie
bsb10292466,oai:bdr.oai.bsb-muenchen.de:all:BDR-BV014553866-51750,2023-02-17,Beiträge zur Geschichte und Statistik der deutschen Messen,"von F. E. F. Philippi, Ober-Regierungs-Rathe | Volltext // Exemplar mit der Signatur: München, Bayerische Staatsbibliothek -- Merc. 407 p",Frankfurt a.d.O. : Harnecker,1857,ger,Text,http://mdz-nbn-resolving.de/urn:nbn:de:bvb:12-bsb10292466-6,,"Philippi, F. E.","Markets, Germany | Messe | Geschichte | Handel | Deutschland | Germany, Fairs | Deutschland"
bsb10388386,oai:bdr.oai.bsb-muenchen.de:all:BDR-BSBe991009705909707356-11629,2024-07-02,Journal des économistes : revue bimensuelle de la science économique et de la statistique / 10. 1856 = 15 = Année 3,"Société d'Economie Politique | Volltext // Exemplar mit der Signatur: München, Bayerische Staatsbibliothek -- Cam. 77 o,2-10",Paris,1856,fre,Text,http://mdz-nbn-resolving.de/urn:nbn:de:bvb:12-bsb10388386-2,,,
bsb10388398,oai:bdr.oai.bsb-muenchen.de:all:BDR-BSBe991009706519707356-53656,2024-07-02,Journal des économistes : revue bimensuelle de la science économique et de la statistique / 22. 1859 = 18 = Année 6,"Société d'Economie Politique | Volltext // Exemplar mit der Signatur: München, Bayerische Staatsbibliothek -- Cam. 77 o,2-22",Paris,1859,fre,Text,http://mdz-nbn-resolving.de/urn:nbn:de:bvb:12-bsb10388398-4,,,
bsb10684822,oai:bdr.oai.bsb-muenchen.de:all:BDR-BV001615606-6556,2022-07-09,Adpendicula Altera Ad Mvmismata Græca Popvlorvm Et Vrbivm : A Jacobo Gesnero Tabulis Aeneis Repraesentata,"Autore Josepho Khell ... | Volltext // Exemplar mit der Signatur: München, Bayerische Staatsbibliothek -- 4 Num.ant. 83",Vindobona : de Trattner,1764,lat,Text,http://mdz-nbn-resolving.de/urn:nbn:de:bvb:12-bsb10684822-9,"Trattner, Johann Thomas von","Khell von Khellburg, Josef","Numismatics, Greek"
bsb11039516,oai:bdr.oai.bsb-muenchen.de:all:BDR-BSBe991001024109707356-34869,2024-07-03,Jahrbücher für Nationalökonomie und Statistik : = Journal of economics and statistics / 20. 1873,"Volltext // Exemplar mit der Signatur: München, Bayerische Staatsbibliothek -- Cam. 76 id-20",Jena : Mauke,1873,ger,Text,http://mdz-nbn-resolving.de/urn:nbn:de:bvb:12-bsb11039516-5,,,Jahrbücher für Nationalökonomie und Statistik | Geschichte 1963-2013 | Wirtschaftspolitik | Wirtschaftsindikator | Volkswirtschaftslehre | Wirtschaftstheorie
bsb10214018,oai:bdr.oai.bsb-muenchen.de:all:BDR-BV021192072-55129,2021-11-09,"Tabellen zur schnellen und sichern Ermittlung der Zinsen zu 3, 4 und 5% pro Anno von jedem Tage eines zu 180 Tagen gerechneten halben Jahres in den in Deutschland, England, Frankreich, Russland, den vereinigten Staaten und mehrern andern Ländern gebräuchlichsten Rechnungsmünzen für den gesammten Handelsstand und für Capitalisten / 1","Volltext // Exemplar mit der Signatur: München, Bayerische Staatsbibliothek -- 2 Merc. 28 k-1/3",Leipzig : B. Tauchnitz,1841,und,Text,http://mdz-nbn-resolving.de/urn:nbn:de:bvb:12-bsb10214018-2,,,
bsb10291535,oai:bdr.oai.bsb-muenchen.de:all:BDR-BV014553866-25193,2023-02-17,Beiträge zur Geschichte und Statistik der deutschen Messen,"von F. E. F. Philippi, Ober-Regierungs-Rathe | Volltext // Exemplar mit der Signatur: München, Bayerische Staatsbibliothek -- Merc. 183 m",Frankfurt a.d.O. : Harnecker,1857,ger,Text,http://mdz-nbn-resolving.de/urn:nbn:de:bvb:12-bsb10291535-5,,"Philippi, F. E.","Markets, Germany | Messe | Geschichte | Handel | Deutschland | Germany, Fairs | Deutschland"
bsb10388360,oai:bdr.oai.bsb-muenchen.de:all:BDR-BSBe991001023529707356-35621,2024-07-03,Jahrbücher für Nationalökonomie und Statistik : = Journal of economics and statistics / 10. 1868,"Volltext // Exemplar mit der Signatur: München, Bayerische Staatsbibliothek -- Cam. 76 id-10",Jena : Mauke,1868,ger,Text,http://mdz-nbn-resolving.de/urn:nbn:de:bvb:12-bsb10388360-0,,,Jahrbücher für Nationalökonomie und Statistik | Geschichte 1963-2013 | Wirtschaftspolitik | Wirtschaftsindikator | Volkswirtschaftslehre | Wirtschaftstheorie
bsb10388393,oai:bdr.oai.bsb-muenchen.de:all:BDR-BSBe991009706269707356-16523,2024-07-02,Journal des économistes : revue bimensuelle de la science économique et de la statistique / 17. 1858 = 17 = Année 5,"Société d'Economie Politique | Volltext // Exemplar mit der Signatur: München, Bayerische Staatsbibliothek -- Cam. 77 o,2-17",Paris,1858,fre,Text,http://mdz-nbn-resolving.de/urn:nbn:de:bvb:12-bsb10388393-7,,,
bsb10388399,oai:bdr.oai.bsb-muenchen.de:all:BDR-BSBe991009706559707356-4696,2024-07-02,Journal des économistes : revue bimensuelle de la science économique et de la statistique / 23. 1859 = 18 = Année 6,"Société d'Economie Politique | Volltext // Exemplar mit der Signatur: München, Bayerische Staatsbibliothek -- Cam. 77 o,2-23",Paris,1859,fre,Text,http://mdz-nbn-resolving.de/urn:nbn:de:bvb:12-bsb10388399-4,,,
bsb11039512,oai:bdr.oai.bsb-muenchen.de:all:BDR-BSBe991001023859707356-48545,2024-07-03,Jahrbücher für Nationalökonomie und Statistik : = Journal of economics and statistics / 16. 1871,"Volltext // Exemplar mit der Signatur: München, Bayerische Staatsbibliothek -- Cam. 76 id-16",Jena : Mauke,1871,ger,Text,http://mdz-nbn-resolving.de/urn:nbn:de:bvb:12-bsb11039512-3,,,Jahrbücher für Nationalökonomie und Statistik | Geschichte 1963-2013 | Wirtschaftspolitik | Wirtschaftsindikator | Volkswirtschaftslehre | Wirtschaftstheorie
bsb11187742,oai:bdr.oai.bsb-muenchen.de:all:BDR-BV014170696-48572,2022-07-28,Resolvirungs-Tabellen zur Umwandlung der süddeutschen Währung in die neue Reichswährung,"berechnet und zsgest.: Gustav Neuner | Volltext // Exemplar mit der Signatur: München, Bayerische Staatsbibliothek -- Merc. 278-14",München : Straub,1874,ger,Text,http://mdz-nbn-resolving.de/urn:nbn:de:bvb:12-bsb11187742-0,,"Neuner, Gustav",
bsb11366231,oai:bdr.oai.bsb-muenchen.de:all:BDR-BSBe991014498839707356-18723,2024-07-03,"Statistica del commercio speciale di importazione e di esportazione / 1878, 1. Jan. - 30. Sept.","Istituto Centrale di Statistica del Regno d'Italia | Volltext // Exemplar mit der Signatur: München, Bayerische Staatsbibliothek -- 4 Merc. 101 e-1878,9",Roma : [Verlag nicht ermittelbar],1878,ita,Text,http://mdz-nbn-resolving.de/urn:nbn:de:bvb:12-bsb11366231-9,,,
bsb10388395,oai:bdr.oai.bsb-muenchen.de:all:BDR-BSBe991009706379707356-58618,2024-07-03,Journal des économistes : revue bimensuelle de la science économique et de la statistique / 19. 1858 = 17 = Année 5,"Société d'Economie Politique | Volltext // Exemplar mit der Signatur: München, Bayerische Staatsbibliothek -- Cam. 77 o,2-19",Paris,1858,fre,Text,http://mdz-nbn-resolving.de/urn:nbn:de:bvb:12-bsb10388395-8,,,
bsb10388982,oai:bdr.oai.bsb-muenchen.de:all:BDR-BV010137852-61299,2021-11-08,"Genau ausgerechnete Tabellen über den mit dem ersten Februar 1809 in ganz Bayern allgemein eingeführten Fleischaufschlag : zum sehr bequemen Gebrauche für königlich bay'rische Oberaufschläger, Kontrolleurs, Rechnungskommissäre, Polizeybeamten, Unteraufschläger, Metzger, Bräuer, Wirthe, Köche und alle, welche der Fleischaufschlag interessiret","verf. von dem Hrsg. des neuen Kammeralisten [i.e. Johann K. Rettenmayer] | Volltext // Exemplar mit der Signatur: München, Bayerische Staatsbibliothek -- Cam. 612 p#Beibd.1",Kempten : Dannheimer,1809,ger,Text,http://mdz-nbn-resolving.de/urn:nbn:de:bvb:12-bsb10388982-9,,"Rettenmayer, Johann K.",
bsb10624161,oai:bdr.oai.bsb-muenchen.de:all:BDR-BSBe991022397549707356-36573,2024-07-01,"Statistische Uebersichten über Waaren-Verkehr und Zoll-Ertrag im Deutschen Zoll-Vereine. Nummer 8, Haupt-Uebersicht des Gesammt-Handels des Zoll-Vereins und der einzelnen Zoll-Vereins-Staaten : für das Jahr ... / 1868","zsgest. von dem Central-Bureau des Zoll-Vereins nach den amtlichen Mittheilungen der Zoll-Vereins-Staaten | Volltext // Exemplar mit der Signatur: München, Bayerische Staatsbibliothek -- 2 Merc. 32 k,III-1866/68",Berlin : Reimer,1868,ger,Text,http://mdz-nbn-resolving.de/urn:nbn:de:bvb:12-bsb10624161-0,Deutscher Zollverein,,
bsb11309607,oai:bdr.oai.bsb-muenchen.de:all:BDR-BV020191466-44066,2022-01-05,"Universal-Umrechner der süddeutschen Währung in die Reichs-Münzwährung : Unentbehrliche Hilfstabellen für Civil- und Militair-Cassaverwaltungen namentlich zur Umrechnung der Einhebe-Register für Steuern, Kreis- und Gemeinde-Umlagen und Stiftungs-Gefälle nach der neuen Reichs-Münzwährung","genauest berechnet von G. Fasching | Volltext // Exemplar mit der Signatur: München, Bayerische Staatsbibliothek -- 4 Merc. 29 x",Bamberg : Buchner,1875,ger,Text,http://mdz-nbn-resolving.de/urn:nbn:de:bvb:12-bsb11309607-0,,"Fasching, Georg",
bsb11318874,oai:bdr.oai.bsb-muenchen.de:all:BDR-BV020151924-49330,2023-01-18,"Catalog der reichhaltigen Rudolph'schen Münz-Sammlung (Universell), verbunden mit der gewählten Sammlung römischer und griechischer Münzen des Herrn Baron R. von Wildenstein, ferner der vortrefflichen Serie Frankfurter Münzen und Medaillen des sel. Herrn Eduard Zoller, sowie der ausgezeichneten Suite deutscher Städtemünzen und Transatlantica aus der Sammlung des Herrn Oberamtmann Stölting in Celle : Mit einer Tafel Abbildungen : Die öffentl. Versteigerung beginnt Montag, den 6. September 1875 unter Leitung des Experten Adolph Hess ...","Volltext // Exemplar mit der Signatur: München, Bayerische Staatsbibliothek -- Num.ant. 186 c",Frankfurt a. M. : Isaac St. Goar'sche Buchhandlung,1875,ger,Text,http://mdz-nbn-resolving.de/urn:nbn:de:bvb:12-bsb11318874-2,"Adolph Hess, Münzenhandlung",,
bsb11387328,oai:bdr.oai.bsb-muenchen.de:all:BDR-BSBe991001024889707356-11710,2024-07-02,Jahrbücher für Nationalökonomie und Statistik : = Journal of economics and statistics / 33. 1879,"Volltext // Exemplar mit der Signatur: München, Bayerische Staatsbibliothek -- Cam. 76 id-33",Jena : Dufft,1879,ger,Text,http://mdz-nbn-resolving.de/urn:nbn:de:bvb:12-bsb11387328-1,,,Jahrbücher für Nationalökonomie und Statistik | Geschichte 1963-2013 | Wirtschaftspolitik | Wirtschaftsindikator | Volkswirtschaftslehre | Wirtschaftstheorie
bsb11507992,oai:bdr.oai.bsb-muenchen.de:all:BDR-BSBe991011739299707356-8781,2024-07-01,"Nachrichten über Industrie, Handel und Verkehr aus dem Statistischen Departement im K.K. Handelsministerium / 29. 1883 (1884), H. 1","Volltext // Exemplar mit der Signatur: München, Bayerische Staatsbibliothek -- 4 Merc. 708 m-29,1",Wien : Verl. der Kaiserl.-Königl. Hof- und Staatsdr.,1884,ger,Text,http://mdz-nbn-resolving.de/urn:nbn:de:bvb:12-bsb11507992-9,,"Österreich, Handelsministerium",
bsb10388384,oai:bdr.oai.bsb-muenchen.de:all:BDR-BSBe991009705809707356-5171,2024-07-03,"Journal des économistes : revue bimensuelle de la science économique et de la statistique / 23. 1849, Apr. Juli = Année 8","Société d'Economie Politique | Volltext // Exemplar mit der Signatur: München, Bayerische Staatsbibliothek -- Cam. 77 o-23",Paris,1849,fre,Text,http://mdz-nbn-resolving.de/urn:nbn:de:bvb:12-bsb10388384-1,,,
bsb10388394,oai:bdr.oai.bsb-muenchen.de:all:BDR-BSBe991009706329707356-55291,2024-07-02,Journal des économistes : revue bimensuelle de la science économique et de la statistique / 18. 1858 = 17 = Année 5,"Société d'Economie Politique | Volltext // Exemplar mit der Signatur: München, Bayerische Staatsbibliothek -- Cam. 77 o,2-18",Paris,1858,fre,Text,http://mdz-nbn-resolving.de/urn:nbn:de:bvb:12-bsb10388394-2,,,
bsb11355807,oai:bdr.oai.bsb-muenchen.de:all:BDR-BSBe991001024629707356-7223,2024-07-01,Jahrbücher für Nationalökonomie und Statistik : = Journal of economics and statistics / 29. 1877,"Volltext // Exemplar mit der Signatur: München, Bayerische Staatsbibliothek -- Cam. 76 id-29",Jena : Dufft,1877,ger,Text,http://mdz-nbn-resolving.de/urn:nbn:de:bvb:12-bsb11355807-6,,,Jahrbücher für Nationalökonomie und Statistik | Geschichte 1963-2013 | Wirtschaftspolitik | Wirtschaftsindikator | Volkswirtschaftslehre | Wirtschaftstheorie
bsb10624159,oai:bdr.oai.bsb-muenchen.de:all:BDR-BSBe991022397409707356-34661,2024-07-23,"Statistische Uebersichten über Waaren-Verkehr und Zoll-Ertrag im Deutschen Zoll-Vereine. Nummer 8, Haupt-Uebersicht des Gesammt-Handels des Zoll-Vereins und der einzelnen Zoll-Vereins-Staaten : für das Jahr ... / 1866","zsgest. von dem Central-Bureau des Zoll-Vereins nach den amtlichen Mittheilungen der Zoll-Vereins-Staaten | Volltext // Exemplar mit der Signatur: München, Bayerische Staatsbibliothek -- 2 Merc. 32 k,III-1866/68",Berlin : Reimer,1866,ger,Text,http://mdz-nbn-resolving.de/urn:nbn:de:bvb:12-bsb10624159-2,Deutscher Zollverein,,
bsb11370547,oai:bdr.oai.bsb-muenchen.de:all:BDR-BSBe991001024669707356-19443,2024-07-03,Jahrbücher für Nationalökonomie und Statistik : = Journal of economics and statistics / 30. 1878,"Volltext // Exemplar mit der Signatur: München, Bayerische Staatsbibliothek -- Cam. 76 id-30",Jena : Dufft,1878,ger,Text,http://mdz-nbn-resolving.de/urn:nbn:de:bvb:12-bsb11370547-6,,,Jahrbücher für Nationalökonomie und Statistik | Geschichte 1963-2013 | Wirtschaftspolitik | Wirtschaftsindikator | Volkswirtschaftslehre | Wirtschaftstheorie
bsb10227418,oai:bdr.oai.bsb-muenchen.de:all:BDR-BV001455376-28232,2021-11-06,"Jürgen Elert Krusens, verordneten Schulhalters zu St. Nicolai in Hamburg, Allgemeiner und besonders Hamburgischer Contorist / 1 : welcher von den Währungen, Münzen, Gewichten, Maaßen, Wechsel-Arten und Usanzen der vornehmsten in und ausser Europa gelegenen Städte und Länder, nicht nur eine umständliche Nachricht ertheilet; sondern auch solche beschriebene Münz-Sorten, Gewichte und Maaßen, zuförderst gegen die, so zu Hamburg, hiernächst aber, in angegebenen Tabellen, auch gegen die, so an andern Orten gebräuchlich sind, genau vergleichet","Volltext // Exemplar mit der Signatur: München, Bayerische Staatsbibliothek -- 4 Merc. 53 c-1",Hamburg : Verfasser,1771,ger,Text,http://mdz-nbn-resolving.de/urn:nbn:de:bvb:12-bsb10227418-2,"Wördemann, Johann Gerhard","Kruse, Jürgen Elert",
bsb11179252,oai:bdr.oai.bsb-muenchen.de:all:BDR-BV006022986-50477,2025-01-18,Umrechnungs-Tabellen für die süddeutsche Währung in die Reichswährung und für die Reichswährung in süddeutsche Währung,"vom k. bayr. Staatsministerium der Finanzen hrsg. und für die k. bayr. Finanzbehörden zum amtlichen Gebrauch bestimmt | Volltext // Exemplar mit der Signatur: München, Bayerische Staatsbibliothek -- 4 Merc. 109 s",München : Straub,1874,und,Text,http://mdz-nbn-resolving.de/urn:nbn:de:bvb:12-bsb11179252-3,"Bayern, Bayerisches Staatsministerium der Finanzen",,
bsb10292143,oai:bdr.oai.bsb-muenchen.de:all:BDR-BV020275281-59026,2022-07-30,"Tabellen der Durchfuhr Zoll-Sätze, welche vom 1. Oct. 1851 ab beim Transit durch das Zollvereins-Gebiet zur Anwendung kommen","Volltext // Exemplar mit der Signatur: München, Bayerische Staatsbibliothek -- Merc. 275-22",Köln : Eisen,1852,und,Text,http://mdz-nbn-resolving.de/urn:nbn:de:bvb:12-bsb10292143-4,,"Köllner, Frdr.",
bsb11358840,oai:bdr.oai.bsb-muenchen.de:all:BDR-BV021044742-50863,2022-03-02,Baumwoll-Paritäts-Tabellen,"Volltext // Exemplar mit der Signatur: München, Bayerische Staatsbibliothek -- Merc. 262 o",Augsburg : Selbstverl. d. Verf.,1877,und,Text,http://mdz-nbn-resolving.de/urn:nbn:de:bvb:12-bsb11358840-5,,"Welsch, C.",
bsb11508027,oai:bdr.oai.bsb-muenchen.de:all:BDR-BV020132477-48725,2023-10-25,"Flüssigkeits-, Getreide- und Kubikmass-Tabellen der europäischen Länder unter besonderer Berücksichtigung der alten Masse sämmtlicher deutscher und der übrigen europäischen Länder im Grössenverhältnisse zum Litermasse gegeben : In 8 Haupttafeln zusammen 44 Tabellen umfassend mit den ausführlichsten Erklärungen und Beispielen zu Jedermanns Gebrauch praktisch eingerichtet. Für den Illustrierten Anzeiger entworfen und bearbeitet von Jos. Blater","Volltext // Exemplar mit der Signatur: München, Bayerische Staatsbibliothek -- 4 Merc. 713 s",Neustadt-Leipzig : Adolf Henze,1886,und,Text,http://mdz-nbn-resolving.de/urn:nbn:de:bvb:12-bsb11508027-6,,"Blater, Jos.",
bsb11034316,oai:bdr.oai.bsb-muenchen.de:all:BDR-BSBe991022399369707356-30894,2024-07-23,Statistische Uebersichten über Waaren-Verkehr und Zoll-Ertrag im Deutschen Zoll-Vereine : für das Jahr ... / 1849,"zsgest. von dem Central-Bureau des Zoll-Vereins nach den amtlichen Mittheilungen der Zollvereins-Staaten | Volltext // Exemplar mit der Signatur: München, Bayerische Staatsbibliothek -- 4 Merc. 701 e-1848/60",Berlin : Reimer,1849,ger,Text,http://mdz-nbn-resolving.de/urn:nbn:de:bvb:12-bsb11034316-1,Deutscher Zollverein,,
bsb11034317,oai:bdr.oai.bsb-muenchen.de:all:BDR-BSBe991022399399707356-26833,2024-07-23,Statistische Uebersichten über Waaren-Verkehr und Zoll-Ertrag im Deutschen Zoll-Vereine : für das Jahr ... / 1850,"zsgest. von dem Central-Bureau des Zoll-Vereins nach den amtlichen Mittheilungen der Zollvereins-Staaten | Volltext // Exemplar mit der Signatur: München, Bayerische Staatsbibliothek -- 4 Merc. 701 e-1848/60",Berlin : Reimer,1850,ger,Text,http://mdz-nbn-resolving.de/urn:nbn:de:bvb:12-bsb11034317-7,Deutscher Zollverein,,
bsb11507309,oai:bdr.oai.bsb-muenchen.de:all:BDR-BSBe991014498929707356-23723,2024-07-01,"Statistica del commercio speciale di importazione e di esportazione / 1888, 1. Jan. - 29. Febr.","Istituto Centrale di Statistica del Regno d'Italia | Volltext // Exemplar mit der Signatur: München, Bayerische Staatsbibliothek -- 4 Merc. 101 e-1888,1/2",Roma : [Verlag nicht ermittelbar],1888,ita,Text,http://mdz-nbn-resolving.de/urn:nbn:de:bvb:12-bsb11507309-1,,,
bsb11034315,oai:bdr.oai.bsb-muenchen.de:all:BDR-BSBe991022399319707356-52978,2024-07-23,Statistische Uebersichten über Waaren-Verkehr und Zoll-Ertrag im Deutschen Zoll-Vereine : für das Jahr ... / 1848,"zsgest. von dem Central-Bureau des Zoll-Vereins nach den amtlichen Mittheilungen der Zollvereins-Staaten | Volltext // Exemplar mit der Signatur: München, Bayerische Staatsbibliothek -- 4 Merc. 701 e-1848/60",Berlin : Reimer,1848,ger,Text,http://mdz-nbn-resolving.de/urn:nbn:de:bvb:12-bsb11034315-6,Deutscher Zollverein,,
bsb11034327,oai:bdr.oai.bsb-muenchen.de:all:BDR-BSBe991022399939707356-2276,2024-07-02,"Statistische Uebersichten über Waaren-Verkehr und Zoll-Ertrag im Deutschen Zoll-Vereine. Nummer 14, Uebersicht des Zustandes der laufenden Conti der Grosshandlungen : für das Jahr ... / 1860","zsgest. von dem Central-Bureau des Zoll-Vereins nach den amtlichen Mittheilungen der Zoll-Vereins-Staaten | Volltext // Exemplar mit der Signatur: München, Bayerische Staatsbibliothek -- 4 Merc. 701 e-1848/60",Berlin : Reimer,1860,ger,Text,http://mdz-nbn-resolving.de/urn:nbn:de:bvb:12-bsb11034327-2,Deutscher Zollverein,,
bsb11507308,oai:bdr.oai.bsb-muenchen.de:all:BDR-BSBe991014498879707356-53814,2024-07-22,"Statistica del commercio speciale di importazione e di esportazione / 1888, 1. - 31. Jan.","Istituto Centrale di Statistica del Regno d'Italia | Volltext // Exemplar mit der Signatur: München, Bayerische Staatsbibliothek -- 4 Merc. 101 e-1888,1/2",Roma : [Verlag nicht ermittelbar],1888,ita,Text,http://mdz-nbn-resolving.de/urn:nbn:de:bvb:12-bsb11507308-1,,,
bsb10291480,oai:bdr.oai.bsb-muenchen.de:all:BDR-BV020339687-44347,2022-05-03,"Kaufmännische Berichte, gesammelt auf einer Reise um die Welt mit der Kriegs-Corvette Galathea in den Jahren 1845, 46 und 47 : Ein Handbuch für Handels- u. Gewerbs-Statistik","Volltext // Exemplar mit der Signatur: München, Bayerische Staatsbibliothek -- Merc. 170 i",Hamburg : Perthes,1849,und,Text,http://mdz-nbn-resolving.de/urn:nbn:de:bvb:12-bsb10291480-9,,"Nopitsch, Wilhelm Hermann",
bsb11034322,oai:bdr.oai.bsb-muenchen.de:all:BDR-BSBe991022399699707356-14110,2024-07-23,Statistische Uebersichten über Waaren-Verkehr und Zoll-Ertrag im Deutschen Zoll-Vereine : für das Jahr ... / 1855,"zsgest. von dem Central-Bureau des Zoll-Vereins nach den amtlichen Mittheilungen der Zollvereins-Staaten | Volltext // Exemplar mit der Signatur: München, Bayerische Staatsbibliothek -- 4 Merc. 701 e-1848/60",Berlin : Reimer,1855,ger,Text,http://mdz-nbn-resolving.de/urn:nbn:de:bvb:12-bsb11034322-5,Deutscher Zollverein,,
bsb10388390,oai:bdr.oai.bsb-muenchen.de:all:BDR-BSBe991009706149707356-4122,2024-07-03,Journal des économistes : revue bimensuelle de la science économique et de la statistique / 14. 1857 = 16 = Année 4,"Société d'Economie Politique | Volltext // Exemplar mit der Signatur: München, Bayerische Staatsbibliothek -- Cam. 77 o,2-14",Paris,1857,fre,Text,http://mdz-nbn-resolving.de/urn:nbn:de:bvb:12-bsb10388390-1,,,
bsb11507065,oai:bdr.oai.bsb-muenchen.de:all:BDR-BSBe991005260799707356-8098,2024-07-23,"Imperial Maritime Customs. 1, Statistical series. Nr. 3 and 4, Returns of trade and trade reports / 1886 (1887) = issue 22 = issue 28","China. publ. by order of the Inspector General of Customs | Volltext // Exemplar mit der Signatur: München, Bayerische Staatsbibliothek -- 4 Merc. 22 tb-1886",Shanghai,1887,eng,Text,http://mdz-nbn-resolving.de/urn:nbn:de:bvb:12-bsb11507065-1,,"China, Haiguan-Zongshui-Wusishu",
bsb11355829,oai:bdr.oai.bsb-muenchen.de:all:BDR-BSBe991004747639707356-33444,2024-07-02,"Bulletin de statistique et de législation comparée / 1. 1877,4 = Apr.","République Française, Ministère des Finances | Volltext // Exemplar mit der Signatur: München, Bayerische Staatsbibliothek -- Cam. 237-1,4",Paris : Impr. Nationale,1877,fre,Text,http://mdz-nbn-resolving.de/urn:nbn:de:bvb:12-bsb11355829-2,"Frankreich, Ministère des finances",,
bsb10388696,oai:bdr.oai.bsb-muenchen.de:all:BDR-BSBe991018744039707356-7993,2024-07-03,Historisch-statistisches Jahrbuch in Bezug auf Nationalindustrie und Staatswirthschaft mit besondrer Berücksichtigung Deutschlands und des Preußischen Staats / 1. 1830/31 (1834),"von Friedrich Benedict Weber | Volltext // Exemplar mit der Signatur: München, Bayerische Staatsbibliothek -- Cam. 180 x-1",Breslau : Max,1834,ger,Text,http://mdz-nbn-resolving.de/urn:nbn:de:bvb:12-bsb10388696-9,"Weber, Friedrich Benedict",,
bsb10710569,oai:bdr.oai.bsb-muenchen.de:all:BDR-BV013998884-56884,2024-11-02,"Des Teutschen Reichs Münz-Archiv : Bestehend in einer Sammlung Kayserl. und Reichs-Münz-Gesetze, Ordnungen, Privilegien über das Münz-Recht, Kayserl. Rescripten, Reichs-Gutachten, Commissions-Decreten, Münz-Probations-Reichs- und Crayß-Tags-Abschiede, auch einzeler Chur- und Fürsten unter sich, und mit denen vornehmsten Reichs-Städten errichteter Münz-Vereinigungen, Edicten, Valvations-Tabellen [et]c. ; nebst zuverläßigen Nachrichten, vom Teutschen Münz-Wesen überhaupt, in ältern, mittlern und neuern Zeiten, aus Archiven und Original-Actis publicis, in chronologischer Ordnung / 8 : ... enthaltend die bißhero weiters ausfindig gemachte wichtigste Urkunden im Münzwesen, und besonders den errichteten neuen Conventions- oder 20. fl. Fuß, den Augspurgischen Münz-Probations-Tags-Recess und den Beytritt ein und anderer Crayse, dann sonstig merkwürdige Schrifften","dem Publico zum Besten, zusammen getragen, und mit einem Real-Indice versehen, von Johann Christoph Hirsch, Fürstl. Brandenb. Onolzbachischen Hof-Cammer- und Landschafts-Rath auch Münz-Inspectore | Titelbl. in Schwarz- und Rotdruck | Volltext // Exemplar mit der Signatur: München, Bayerische Staatsbibliothek -- BHS X 148-8",Nürnberg : Felßecker,1766,ger,Text,http://mdz-nbn-resolving.de/urn:nbn:de:bvb:12-bsb10710569-7,"Hirsch, Johann Christoph",,
bsb11034293,oai:bdr.oai.bsb-muenchen.de:all:BDR-BSBe991021083699707356-17752,2024-07-22,Statistische Uebersichten über Waaren-Verkehr und Zoll-Ertrag im Deutschen Zoll-Vereine : für das Jahr ... / 1852,"zsgest. von dem Central-Bureau des Zoll-Vereins nach den amtlichen Mittheilungen der Zollvereins-Staaten | Volltext // Exemplar mit der Signatur: München, Bayerische Staatsbibliothek -- 4 Merc. 701 c-1848/60",Berlin : Reimer,1852,ger,Text,http://mdz-nbn-resolving.de/urn:nbn:de:bvb:12-bsb11034293-8,Deutscher Zollverein,,
bsb11455901,oai:bdr.oai.bsb-muenchen.de:all:BDR-BV020170065-51019,2024-07-24,La dépression économique et sociale et l'histoire des prix : Table des diagrammes. 1892. (1 Bl. 37 dürgr. Tafel.),"Volltext // Exemplar mit der Signatur: München, Bayerische Staatsbibliothek -- 2 Cam. 1 h",Ixelles-Bruxelles : Imprimerie générale G. J. Huysmans,1895,fre,Text,http://mdz-nbn-resolving.de/urn:nbn:de:bvb:12-bsb11455901-0,,"Denis, Hector",
bsb11481291,oai:bdr.oai.bsb-muenchen.de:all:BDR-BV020667967-7742,2022-07-13,Drucksachen der Kommission für Arbeiterstatistik : Erhebungen. [1. 2 m. d. Tit.:] Arbeiterstatistik. Bearbeitet im Kaiserlichen Statistischen Amt / 4,"Volltext // Exemplar mit der Signatur: München, Bayerische Staatsbibliothek -- 4 Cam. 5 ob-4",Berlin : Buchdr. W. Koebke [Später:] Carl Heymann,1894,und,Text,http://mdz-nbn-resolving.de/urn:nbn:de:bvb:12-bsb11481291-5,,,
bsb11507071,oai:bdr.oai.bsb-muenchen.de:all:BDR-BSBe991005261049707356-46579,2024-07-22,"Imperial Maritime Customs. 1, Statistical series. Nr. 3 and 4, Returns of trade and trade reports / 1892 (1893) = issue 28 = issue 34","China. publ. by order of the Inspector General of Customs | Volltext // Exemplar mit der Signatur: München, Bayerische Staatsbibliothek -- 4 Merc. 22 tb-1892",Shanghai,1893,eng,Text,http://mdz-nbn-resolving.de/urn:nbn:de:bvb:12-bsb11507071-5,,"China, Haiguan-Zongshui-Wusishu",
bsb10388355,oai:bdr.oai.bsb-muenchen.de:all:BDR-BSBe991001023299707356-27733,2024-07-02,Jahrbücher für Nationalökonomie und Statistik : = Journal of economics and statistics / 6. 1866,"Volltext // Exemplar mit der Signatur: München, Bayerische Staatsbibliothek -- Cam. 76 id-6",Jena : Mauke,1866,ger,Text,http://mdz-nbn-resolving.de/urn:nbn:de:bvb:12-bsb10388355-1,,,Jahrbücher für Nationalökonomie und Statistik | Geschichte 1963-2013 | Wirtschaftspolitik | Wirtschaftsindikator | Volkswirtschaftslehre | Wirtschaftstheorie
bsb11355830,oai:bdr.oai.bsb-muenchen.de:all:BDR-BSBe991004747669707356-17958,2024-07-02,"Bulletin de statistique et de législation comparée / 1. 1877,6 = Juni","République Française, Ministère des Finances | Volltext // Exemplar mit der Signatur: München, Bayerische Staatsbibliothek -- Cam. 237-1,6",Paris : Impr. Nationale,1877,fre,Text,http://mdz-nbn-resolving.de/urn:nbn:de:bvb:12-bsb11355830-4,"Frankreich, Ministère des finances",,
bsb11507067,oai:bdr.oai.bsb-muenchen.de:all:BDR-BSBe991005260869707356-28706,2024-07-23,"Imperial Maritime Customs. 1, Statistical series. Nr. 3 and 4, Returns of trade and trade reports / 1888 (1889) = issue 24 = issue 30","China. publ. by order of the Inspector General of Customs | Volltext // Exemplar mit der Signatur: München, Bayerische Staatsbibliothek -- 4 Merc. 22 tb-1888",Shanghai,1889,eng,Text,http://mdz-nbn-resolving.de/urn:nbn:de:bvb:12-bsb11507067-2,,"China, Haiguan-Zongshui-Wusishu",
bsb11576852,oai:bdr.oai.bsb-muenchen.de:all:BDR-BSBe991021053649707356-32377,2024-07-02,Archiv für soziale Gesetzgebung und Statistik : Zeitschr. zur Erforschung d. gesellschaftl. Zustände aller Länder / 6. 1893,"Volltext // Exemplar mit der Signatur: München, Bayerische Staatsbibliothek -- Cam. 8 kb-6",Berlin : Guttentag,1893,ger,Text,http://mdz-nbn-resolving.de/urn:nbn:de:bvb:12-bsb11576852-0,,,
bsb11366230,oai:bdr.oai.bsb-muenchen.de:all:BDR-BSBe991014498799707356-30518,2024-07-03,"Statistica del commercio speciale di importazione e di esportazione / 1878, 1. Jan. - 30. Juni","Istituto Centrale di Statistica del Regno d'Italia | Volltext // Exemplar mit der Signatur: München, Bayerische Staatsbibliothek -- 4 Merc. 101 e-1878,6",Roma : [Verlag nicht ermittelbar],1878,ita,Text,http://mdz-nbn-resolving.de/urn:nbn:de:bvb:12-bsb11366230-4,,,
bsb11507066,oai:bdr.oai.bsb-muenchen.de:all:BDR-BSBe991005260849707356-43547,2024-07-23,"Imperial Maritime Customs. 1, Statistical series. Nr. 3 and 4, Returns of trade and trade reports / 1887 (1888) = issue 23 = issue 29","China. publ. by order of the Inspector General of Customs | Volltext // Exemplar mit der Signatur: München, Bayerische Staatsbibliothek -- 4 Merc. 22 tb-1887",Shanghai,1888,eng,Text,http://mdz-nbn-resolving.de/urn:nbn:de:bvb:12-bsb11507066-6,,"China, Haiguan-Zongshui-Wusishu",
bsb10227203,oai:bdr.oai.bsb-muenchen.de:all:BDR-BV001367123-6975,2022-05-07,"Berechnung über die bey einem Kauf-Contract bedingte zihlbarliche Summen gegen baar Geld : nach dem Land-üblichen Interesse a 5. pr. Cento, und wie hoch jedes Zihl besonders Jährlich davor anzunehmen. Samt 2. Tabellen, Nr. 1. 2.","Enthält zahlreiche Tabellen | Volltext // Exemplar mit der Signatur: München, Bayerische Staatsbibliothek -- 4 Merc. 11","Memmingen : gedruckt bey Joh. Valentin, Mayer",1755.,ger,Text,http://mdz-nbn-resolving.de/urn:nbn:de:bvb:12-bsb10227203-0,"Mayer, Johann Valentin",,
bsb10292502,oai:bdr.oai.bsb-muenchen.de:all:BDR-BV013365196-3650,2021-11-07,"Vollständiges Rechenbuch für Kauf- und Gewerbsleute, Bürger, Künstler, und Profeßionisten : Nebst allgemeinen, durch ganz Europa eingeführten Kurstabellen","von Johann Schlösser, Rechenmeister | Rückseite des Titelblatts unbedruckt | Paginierfehler: auf Seite 172 folgt 177 | Die Illustration ist ein Frontispiz | Volltext // Exemplar mit der Signatur: München, Bayerische Staatsbibliothek -- Merc. 415 f",München : bey J.B. Strobl,1783.,ger,Text,http://mdz-nbn-resolving.de/urn:nbn:de:bvb:12-bsb10292502-8,"Strobel, Johann Baptist","Schlösser, Johann",
bsb10388361,oai:bdr.oai.bsb-muenchen.de:all:BDR-BSBe991001023569707356-35553,2024-07-03,Jahrbücher für Nationalökonomie und Statistik : = Journal of economics and statistics / 11. 1868,"Volltext // Exemplar mit der Signatur: München, Bayerische Staatsbibliothek -- Cam. 76 id-11",Jena : Mauke,1868,ger,Text,http://mdz-nbn-resolving.de/urn:nbn:de:bvb:12-bsb10388361-5,,,Jahrbücher für Nationalökonomie und Statistik | Geschichte 1963-2013 | Wirtschaftspolitik | Wirtschaftsindikator | Volkswirtschaftslehre | Wirtschaftstheorie
bsb10624139,oai:bdr.oai.bsb-muenchen.de:all:BDR-BV036541891-46010,2021-11-08,"Vollständige tabellarische gegenseitige Vergleichungen der neuen Preußischen, Breslauer und Berliner Maaße und Gewichte, wie auch der vorzüglichsten, außer den letzt genannten, in Europa gebräuchlichen Maaße und Gewichte mit den Preußischen : nebst einigen Tabellen zur Verwandlung der Waaren-Preise nach alten in dergleichen nach neuen Maaßen und Gewichten, und umgekehrt, wie auch einer Tabelle zur Vergleichung der alten mit der neuen Holzklaster, fast jede Tabelle mit Bemerkungen, und das Ganze mit einer Einleitung begleitet","Herausgegeben von Mätzig | Volltext // Exemplar mit der Signatur: München, Bayerische Staatsbibliothek -- 2 Merc. 8 r",Hirschberg : Krahn,1819,ger,Text,http://mdz-nbn-resolving.de/urn:nbn:de:bvb:12-bsb10624139-1,,"Mätzig, ...",
bsb10742260,oai:bdr.oai.bsb-muenchen.de:all:BDR-BV001646175-62322,2023-04-14,Catalogus numorum Hungariae ac Transilvaniae instituti nationalis Széchényiani / [4] : Tabulae,"Descripsit Stephanus Schönvisner | Volltext // Exemplar mit der Signatur: München, Bayerische Staatsbibliothek -- Num.rec. 68-4",Pest : Trattner,1807,lat,Text,http://mdz-nbn-resolving.de/urn:nbn:de:bvb:12-bsb10742260-4,,"Schönwiesner, Stephan",
bsb11034295,oai:bdr.oai.bsb-muenchen.de:all:BDR-BSBe991021083779707356-64222,2024-07-22,Statistische Uebersichten über Waaren-Verkehr und Zoll-Ertrag im Deutschen Zoll-Vereine : für das Jahr ... / 1854,"zsgest. von dem Central-Bureau des Zoll-Vereins nach den amtlichen Mittheilungen der Zollvereins-Staaten | Volltext // Exemplar mit der Signatur: München, Bayerische Staatsbibliothek -- 4 Merc. 701 c-1848/60",Berlin : Reimer,1854,ger,Text,http://mdz-nbn-resolving.de/urn:nbn:de:bvb:12-bsb11034295-9,Deutscher Zollverein,,
bsb11034296,oai:bdr.oai.bsb-muenchen.de:all:BDR-BSBe991021083819707356-36887,2024-07-22,Statistische Uebersichten über Waaren-Verkehr und Zoll-Ertrag im Deutschen Zoll-Vereine : für das Jahr ... / 1855,"zsgest. von dem Central-Bureau des Zoll-Vereins nach den amtlichen Mittheilungen der Zollvereins-Staaten | Volltext // Exemplar mit der Signatur: München, Bayerische Staatsbibliothek -- 4 Merc. 701 c-1848/60",Berlin : Reimer,1855,ger,Text,http://mdz-nbn-resolving.de/urn:nbn:de:bvb:12-bsb11034296-4,Deutscher Zollverein,,
bsb11034297,oai:bdr.oai.bsb-muenchen.de:all:BDR-BSBe991021083859707356-25351,2024-07-23,Statistische Uebersichten über Waaren-Verkehr und Zoll-Ertrag im Deutschen Zoll-Vereine : für das Jahr ... / 1856,"zsgest. von dem Central-Bureau des Zoll-Vereins nach den amtlichen Mittheilungen der Zollvereins-Staaten | Volltext // Exemplar mit der Signatur: München, Bayerische Staatsbibliothek -- 4 Merc. 701 c-1848/60",Berlin : Reimer,1856,ger,Text,http://mdz-nbn-resolving.de/urn:nbn:de:bvb:12-bsb11034297-0,Deutscher Zollverein,,
bsb11034299,oai:bdr.oai.bsb-muenchen.de:all:BDR-BSBe991021083949707356-52478,2024-07-22,"Statistische Uebersichten über Waaren-Verkehr und Zoll-Ertrag im Deutschen Zoll-Vereine. Nummer 12, Uebersicht des Verkehrs mit ausländischen Waaren während der Messen : für das Jahr ... / 1858","zsgest. von dem Central-Bureau des Zoll-Vereins nach den amtlichen Mittheilungen der Zoll-Vereins-Staaten | Volltext // Exemplar mit der Signatur: München, Bayerische Staatsbibliothek -- 4 Merc. 701 c-1848/60",Berlin : Reimer,1858,ger,Text,http://mdz-nbn-resolving.de/urn:nbn:de:bvb:12-bsb11034299-5,Deutscher Zollverein,,
bsb11034301,oai:bdr.oai.bsb-muenchen.de:all:BDR-BSBe991021084059707356-3160,2024-07-01,"Statistische Uebersichten über Waaren-Verkehr und Zoll-Ertrag im Deutschen Zoll-Vereine. Nummer 12, Uebersicht des Verkehrs mit ausländischen Waaren während der Messen : für das Jahr ... / 1860","zsgest. von dem Central-Bureau des Zoll-Vereins nach den amtlichen Mittheilungen der Zoll-Vereins-Staaten | Volltext // Exemplar mit der Signatur: München, Bayerische Staatsbibliothek -- 4 Merc. 701 c-1848/60",Berlin : Reimer,1860,ger,Text,http://mdz-nbn-resolving.de/urn:nbn:de:bvb:12-bsb11034301-9,Deutscher Zollverein,,
bsb11366229,oai:bdr.oai.bsb-muenchen.de:all:BDR-BSBe991014498749707356-33642,2024-07-03,"Statistica del commercio speciale di importazione e di esportazione / 1878, 1. Jan. - 31. März","Istituto Centrale di Statistica del Regno d'Italia | Volltext // Exemplar mit der Signatur: München, Bayerische Staatsbibliothek -- 4 Merc. 101 e-1878,3",Roma : [Verlag nicht ermittelbar],1878,ita,Text,http://mdz-nbn-resolving.de/urn:nbn:de:bvb:12-bsb11366229-1,,,
bsb11011412,oai:bdr.oai.bsb-muenchen.de:all:BDR-BV021058007-56007,2022-07-30,"Tabellen zur Umwandlung des bayr. Längen-, Flächen- & Körpermases in das Metermas und umgekehrt sammt den Preisverwandlungen für Brandversicherungstaxatoren und Bauhandwerker","Volltext // Exemplar mit der Signatur: München, Bayerische Staatsbibliothek -- Merc. 267 s",Nürnberg : Ballhorn,1872,und,Text,http://mdz-nbn-resolving.de/urn:nbn:de:bvb:12-bsb11011412-0,,"Ziebland, G.",
bsb11034294,oai:bdr.oai.bsb-muenchen.de:all:BDR-BSBe991021083739707356-2510,2024-07-22,Statistische Uebersichten über Waaren-Verkehr und Zoll-Ertrag im Deutschen Zoll-Vereine : für das Jahr ... / 1853,"zsgest. von dem Central-Bureau des Zoll-Vereins nach den amtlichen Mittheilungen der Zollvereins-Staaten | Volltext // Exemplar mit der Signatur: München, Bayerische Staatsbibliothek -- 4 Merc. 701 c-1848/60",Berlin : Reimer,1853,ger,Text,http://mdz-nbn-resolving.de/urn:nbn:de:bvb:12-bsb11034294-3,Deutscher Zollverein,,
bsb11034298,oai:bdr.oai.bsb-muenchen.de:all:BDR-BSBe991021083909707356-16366,2024-07-22,Statistische Uebersichten über Waaren-Verkehr und Zoll-Ertrag im Deutschen Zoll-Vereine : für das Jahr ... / 1857,"zsgest. von dem Central-Bureau des Zoll-Vereins nach den amtlichen Mittheilungen der Zollvereins-Staaten | Volltext // Exemplar mit der Signatur: München, Bayerische Staatsbibliothek -- 4 Merc. 701 c-1848/60",Berlin : Reimer,1857,ger,Text,http://mdz-nbn-resolving.de/urn:nbn:de:bvb:12-bsb11034298-5,Deutscher Zollverein,,
bsb11034300,oai:bdr.oai.bsb-muenchen.de:all:BDR-BSBe991021084009707356-50060,2024-07-22,"Statistische Uebersichten über Waaren-Verkehr und Zoll-Ertrag im Deutschen Zoll-Vereine. Nummer 12, Uebersicht des Verkehrs mit ausländischen Waaren während der Messen : für das Jahr ... / 1859","zsgest. von dem Central-Bureau des Zoll-Vereins nach den amtlichen Mittheilungen der Zoll-Vereins-Staaten | Volltext // Exemplar mit der Signatur: München, Bayerische Staatsbibliothek -- 4 Merc. 701 c-1848/60",Berlin : Reimer,1859,ger,Text,http://mdz-nbn-resolving.de/urn:nbn:de:bvb:12-bsb11034300-4,Deutscher Zollverein,,
bsb11460940,oai:bdr.oai.bsb-muenchen.de:all:BDR-BSBe991042445299707356-11322,2024-10-30,"Bremer Handelsblatt : Wochenschrift für Handel, Volkswirtschaft und Statistik / 1882","Volltext // Exemplar mit der Signatur: München, Bayerische Staatsbibliothek -- 2 Merc. 4 m-1882",(Bremen : Schünemann),1882,ger,Text,http://mdz-nbn-resolving.de/urn:nbn:de:bvb:12-bsb11460940-6,,,
bsb10213928,oai:bdr.oai.bsb-muenchen.de:all:BDR-BV001658035-64272,2021-11-09,"Rechen-Tabellen zur bequemen Ausmittelung der, nach dem Zoll- und Verbrauchs-Steuer-Tarif vom 26. May 1818, für sämtliche Königl. Preuß. Provinzen zu entrichtenden Abgaben : nebst Beifügung des Tarifs selbst","Volltext // Exemplar mit der Signatur: München, Bayerische Staatsbibliothek -- 2 Merc. 5 m",Düsseldorf : Arnz,1818,und,Text,http://mdz-nbn-resolving.de/urn:nbn:de:bvb:12-bsb10213928-5,,"Hauchecorne, W.",
bsb11358822,oai:bdr.oai.bsb-muenchen.de:all:BDR-BV042781239-50862,2022-10-02,"Arbitrage und Paritäten : praktische Darstellung des Arbitragegeschäfts in Wechseln, Fonds, Gold und Silber mit allen bedeutenden auswärtigen Plätzen / 2 : Nachtrag der stattgehabten Veränderungen bis auf die neueste Zeit : mit 1 Paritäten-Tabelle von Silber","Volltext // Exemplar mit der Signatur: München, Bayerische Staatsbibliothek -- Merc. 98 qf-2",Wien : Fr. Beck,1877,ger,Text,http://mdz-nbn-resolving.de/urn:nbn:de:bvb:12-bsb11358822-5,,"Haupt, Ottomar",
bsb11576997,oai:bdr.oai.bsb-muenchen.de:all:BDR-BSBe991001025529707356-31429,2024-07-03,"Jahrbücher für Nationalökonomie und Statistik : = Journal of economics and statistics / 43 = N.F., Bd. 9. 1884","Volltext // Exemplar mit der Signatur: München, Bayerische Staatsbibliothek -- Cam. 76 id-43",Stuttgart ; Jena [u.a.] : Fischer,1884,ger,Text,http://mdz-nbn-resolving.de/urn:nbn:de:bvb:12-bsb11576997-6,,,Jahrbücher für Nationalökonomie und Statistik | Geschichte 1963-2013 | Wirtschaftspolitik | Wirtschaftsindikator | Volkswirtschaftslehre | Wirtschaftstheorie
bsb10290711,oai:bdr.oai.bsb-muenchen.de:all:BDR-BV020181308-8591,2022-07-29,"Tabelle zur Umrechnung der Gewichte Bayerns, Oesterreichs, Frankreichs und des Deutschen Zollvereins von 1 Loth bis 10,000 Pfund, von 1. Gramme bis 10,000 Kilogrammes, von Mile lièmes bis 10,000 Pfund","Volltext // Exemplar mit der Signatur: München, Bayerische Staatsbibliothek -- Merc. 58 t",München : J. J. Lentner (E. Stahl),1862,und,Text,http://mdz-nbn-resolving.de/urn:nbn:de:bvb:12-bsb10290711-8,,"Eckl, I. B.",
bsb11034290,oai:bdr.oai.bsb-muenchen.de:all:BDR-BSBe991021083599707356-45084,2024-07-22,Statistische Uebersichten über Waaren-Verkehr und Zoll-Ertrag im Deutschen Zoll-Vereine : für das Jahr ... / 1849,"zsgest. von dem Central-Bureau des Zoll-Vereins nach den amtlichen Mittheilungen der Zollvereins-Staaten | Volltext // Exemplar mit der Signatur: München, Bayerische Staatsbibliothek -- 4 Merc. 701 c-1848/60",Berlin : Reimer,1849,ger,Text,http://mdz-nbn-resolving.de/urn:nbn:de:bvb:12-bsb11034290-1,Deutscher Zollverein,,
bsb11034292,oai:bdr.oai.bsb-muenchen.de:all:BDR-BSBe991021083649707356-11439,2024-07-22,Statistische Uebersichten über Waaren-Verkehr und Zoll-Ertrag im Deutschen Zoll-Vereine : für das Jahr ... / 1851,"zsgest. von dem Central-Bureau des Zoll-Vereins nach den amtlichen Mittheilungen der Zollvereins-Staaten | Volltext // Exemplar mit der Signatur: München, Bayerische Staatsbibliothek -- 4 Merc. 701 c-1848/60",Berlin : Reimer,1851,ger,Text,http://mdz-nbn-resolving.de/urn:nbn:de:bvb:12-bsb11034292-2,Deutscher Zollverein,,
bsb11034289,oai:bdr.oai.bsb-muenchen.de:all:BDR-BSBe991021083559707356-58671,2024-07-23,Statistische Uebersichten über Waaren-Verkehr und Zoll-Ertrag im Deutschen Zoll-Vereine : für das Jahr ... / 1848,"zsgest. von dem Central-Bureau des Zoll-Vereins nach den amtlichen Mittheilungen der Zollvereins-Staaten | Volltext // Exemplar mit der Signatur: München, Bayerische Staatsbibliothek -- 4 Merc. 701 c-1848/60",Berlin : Reimer,1848,ger,Text,http://mdz-nbn-resolving.de/urn:nbn:de:bvb:12-bsb11034289-4,Deutscher Zollverein,,
bsb11034291,oai:bdr.oai.bsb-muenchen.de:all:BDR-BSBe991021083619707356-58235,2024-07-22,Statistische Uebersichten über Waaren-Verkehr und Zoll-Ertrag im Deutschen Zoll-Vereine : für das Jahr ... / 1850,"zsgest. von dem Central-Bureau des Zoll-Vereins nach den amtlichen Mittheilungen der Zollvereins-Staaten | Volltext // Exemplar mit der Signatur: München, Bayerische Staatsbibliothek -- 4 Merc. 701 c-1848/60",Berlin : Reimer,1850,ger,Text,http://mdz-nbn-resolving.de/urn:nbn:de:bvb:12-bsb11034291-7,Deutscher Zollverein,,
bsb11039513,oai:bdr.oai.bsb-muenchen.de:all:BDR-BSBe991001023939707356-35879,2024-07-02,Jahrbücher für Nationalökonomie und Statistik : = Journal of economics and statistics / 17. 1871,"Volltext // Exemplar mit der Signatur: München, Bayerische Staatsbibliothek -- Cam. 76 id-17",Jena : Mauke,1871,ger,Text,http://mdz-nbn-resolving.de/urn:nbn:de:bvb:12-bsb11039513-8,,,Jahrbücher für Nationalökonomie und Statistik | Geschichte 1963-2013 | Wirtschaftspolitik | Wirtschaftsindikator | Volkswirtschaftslehre | Wirtschaftstheorie
bsb10227716,oai:bdr.oai.bsb-muenchen.de:all:BDR-BV020982607-64124,2021-11-09,"Die Geldlehre oder Erklärung des Rechnungs-, Silber-, Gold- und Papier-Geldes aller Länder Europas und der bedeutendsten Handelsplätze der übrigen Welttheile und dessen Werth in Preußischen Kurant, wie auch in Gulden und Krtz. des 24-1/2-Fl.- u. 20-Fl.-Fß. : nebst Tabellen über die in Deutschland üblichen Maße und Gewichte ; ein Handbuch für Kaufleute und Geschäftstreibende","von Otto Schellenberg | Volltext // Exemplar mit der Signatur: München, Bayerische Staatsbibliothek -- 4 Merc. 135,31",Quedlinburg ; Leipzig : Ernst,1844,ger,Text,http://mdz-nbn-resolving.de/urn:nbn:de:bvb:12-bsb10227716-7,,"Schellenberg, Otto",
bsb10292457,oai:bdr.oai.bsb-muenchen.de:all:BDR-BV001645202-28367,2021-11-09,"Allgemein nüzliche Frucht, Wein, Zinsen-Rechnungen, Resolutions- und Reductions-Tabellen die Guldentheile zu Kreuzer, und Zentnertheile zu Pfund, sohin eine Ausgleichungs-Tabelle des französischen Geldes zum Deutschen bearbeitet und gewidmet denen, welche den Aufenthalt des Berechnens sich ersparen wollen, oder im Rechnen nicht geübt sind","von Johann Friedrich Pixis Schreib- und Rechenmeister in Mannheim | Volltext // Exemplar mit der Signatur: München, Bayerische Staatsbibliothek -- Merc. 405 v",[Erscheinungsort nicht ermittelbar] : [Verlag nicht ermittelbar],1793.,ger,Text,http://mdz-nbn-resolving.de/urn:nbn:de:bvb:12-bsb10292457-6,,"Pixis, Johann Friedrich",
bsb10742349,oai:bdr.oai.bsb-muenchen.de:all:BDR-BV003980834-59434,2022-07-31,"Das österreichische Münzwesen vom Jahre 1524 bis 1838 in historischer, statistischer und legislativer Hinsicht : mit besonderer Berücksichtigung der allgemeinen deutschen Reichsmünzsysteme, der Münzverhältnisse fast aller in Europa während dieser Zeit coursierenden Gold-, Silber- und Kupfer-Geldsorten, und ihrere Balvierung nach dem österreichischen Münzfuße / 2 : Legislativer Theil","von Siegfried Becher | Volltext // Exemplar mit der Signatur: München, Bayerische Staatsbibliothek -- Num.rec. 122 y-2",Wien : Mösle,1838,ger,Text,http://mdz-nbn-resolving.de/urn:nbn:de:bvb:12-bsb10742349-1,,"Becher, Siegfried",
bsb11460939,oai:bdr.oai.bsb-muenchen.de:all:BDR-BSBe991042445259707356-57018,2024-10-23,"Bremer Handelsblatt : Wochenschrift für Handel, Volkswirtschaft und Statistik / 1881","Volltext // Exemplar mit der Signatur: München, Bayerische Staatsbibliothek -- 2 Merc. 4 m-1881",(Bremen : Schünemann),1881,ger,Text,http://mdz-nbn-resolving.de/urn:nbn:de:bvb:12-bsb11460939-4,,,
bsb11576998,oai:bdr.oai.bsb-muenchen.de:all:BDR-BSBe991001025569707356-31105,2024-07-03,"Jahrbücher für Nationalökonomie und Statistik : = Journal of economics and statistics / 44 = N.F., Bd. 10. 1885","Volltext // Exemplar mit der Signatur: München, Bayerische Staatsbibliothek -- Cam. 76 id-44",Stuttgart ; Jena [u.a.] : Fischer,1885,ger,Text,http://mdz-nbn-resolving.de/urn:nbn:de:bvb:12-bsb11576998-2,,,Jahrbücher für Nationalökonomie und Statistik | Geschichte 1963-2013 | Wirtschaftspolitik | Wirtschaftsindikator | Volkswirtschaftslehre | Wirtschaftstheorie
bsb10624162,oai:bdr.oai.bsb-muenchen.de:all:BDR-BSBe991022397199707356-37703,2024-07-01,"Statistische Uebersichten über Waaren-Verkehr und Zoll-Ertrag im Deutschen Zoll-Vereine. Nummer 9, Vergleichende Haupt-Uebersicht der seit 1836 jährlich in den freien Verkehr des Zoll-Vereins getretenen und der aus dem freien Verkehr des Zoll-Vereins ausgegangenen Waaren : für das Jahr ... / [1864]","zsgest. von dem Central-Bureau des Zoll-Vereins nach den amtlichen Mittheilungen der Zoll-Vereins-Staaten | Volltext // Exemplar mit der Signatur: München, Bayerische Staatsbibliothek -- 2 Merc. 32 k,II-1864",Berlin : Reimer,1864,ger,Text,http://mdz-nbn-resolving.de/urn:nbn:de:bvb:12-bsb10624162-5,Deutscher Zollverein,,
bsb10741976,oai:bdr.oai.bsb-muenchen.de:all:BDR-BV003980834-24221,2022-07-31,"Das österreichische Münzwesen vom Jahre 1524 bis 1838 in historischer, statistischer und legislativer Hinsicht : mit besonderer Berücksichtigung der allgemeinen deutschen Reichsmünzsysteme, der Münzverhältnisse fast aller in Europa während dieser Zeit coursierenden Gold-, Silber- und Kupfer-Geldsorten, und ihrere Balvierung nach dem österreichischen Münzfuße / 2 : Legislativer Theil","von Siegfried Becher | Volltext // Exemplar mit der Signatur: München, Bayerische Staatsbibliothek -- Num.rec. 6 h-2",Wien : Mösle,1838,ger,Text,http://mdz-nbn-resolving.de/urn:nbn:de:bvb:12-bsb10741976-0,,"Becher, Siegfried",
bsb11328180,oai:bdr.oai.bsb-muenchen.de:all:BDR-BSBe991011739249707356-48064,2024-07-22,"Nachrichten über Industrie, Handel und Verkehr aus dem Statistischen Departement im K.K. Handelsministerium / 8. 1875 (1876), H. 3","Volltext // Exemplar mit der Signatur: München, Bayerische Staatsbibliothek -- 4 Merc. 708 m-8,3",Wien : Verl. der Kaiserl.-Königl. Hof- und Staatsdr.,1876,ger,Text,http://mdz-nbn-resolving.de/urn:nbn:de:bvb:12-bsb11328180-5,,"Österreich, Handelsministerium",
bsb10292099,oai:bdr.oai.bsb-muenchen.de:all:BDR-BV021007589-9056,2021-11-09,"Der Getreidehandel, oder tabellarische Uebersicht des Kornhandels verschiedener Länder auch des Handels mit Wolle und Butter","Volltext // Exemplar mit der Signatur: München, Bayerische Staatsbibliothek -- Merc. 274,16",Schwerin : A. W. Sandmeyer,1849,und,Text,http://mdz-nbn-resolving.de/urn:nbn:de:bvb:12-bsb10292099-7,,"Stein, Fritz",
bsb10291773,oai:bdr.oai.bsb-muenchen.de:all:BDR-BV001650062-32072,2021-11-09,"Ueber Hamburgs Handel / [2]. 1. Fortsetzung: Statistik des hamburgischen Handels 1839, 1840, 1841. - 1842. - VIII, 420 S.","Volltext // Exemplar mit der Signatur: München, Bayerische Staatsbibliothek -- Merc. 231 f-2",Hamburg : Hoffmann und Campe,1842,ger,Text,http://mdz-nbn-resolving.de/urn:nbn:de:bvb:12-bsb10291773-6,,"Soetbeer, Adolf",
bsb10292453,oai:bdr.oai.bsb-muenchen.de:all:BDR-BV001658126-32380,2023-01-22,"Vergleichungs-Tafeln der Gewichte verschiedener Länder und Städte : Nebst d. neuesten Verordnungen u. Untersuchungen über Maße u. Gewichte, wie auch mehreren Beitr. zur Berichtigung d. Gewichtskunde ; Zugl. als Erg. u. Forts. d. v. demselben hrsg. 3. Aufl. d. Maß- u. Gewichtsbuches v. Georg Kaspar Chelius","Volltext // Exemplar mit der Signatur: München, Bayerische Staatsbibliothek -- Merc. 405 m",Franckfurt a. M. : Jäger,1836,und,Text,http://mdz-nbn-resolving.de/urn:nbn:de:bvb:12-bsb10292453-5,"Chelius, Georg Kaspar","Hauschild, Johann Friedrich",
bsb10388352,oai:bdr.oai.bsb-muenchen.de:all:BDR-BSBe991001023109707356-42576,2024-07-02,Jahrbücher für Nationalökonomie und Statistik : = Journal of economics and statistics / 3. 1864,"Volltext // Exemplar mit der Signatur: München, Bayerische Staatsbibliothek -- Cam. 76 id-3",Jena : Mauke,1864,ger,Text,http://mdz-nbn-resolving.de/urn:nbn:de:bvb:12-bsb10388352-5,,,Jahrbücher für Nationalökonomie und Statistik | Geschichte 1963-2013 | Wirtschaftspolitik | Wirtschaftsindikator | Volkswirtschaftslehre | Wirtschaftstheorie
bsb10742347,oai:bdr.oai.bsb-muenchen.de:all:BDR-BV003980832-38798,2022-07-31,"Das österreichische Münzwesen vom Jahre 1524 bis 1838 in historischer, statistischer und legislativer Hinsicht : mit besonderer Berücksichtigung der allgemeinen deutschen Reichsmünzsysteme, der Münzverhältnisse fast aller in Europa während dieser Zeit coursierenden Gold-, Silber- und Kupfer-Geldsorten, und ihrere Balvierung nach dem österreichischen Münzfuße / 1,1 : Historischer, statistischer Theil","von Siegfried Becher | Volltext // Exemplar mit der Signatur: München, Bayerische Staatsbibliothek -- Num.rec. 122 y-1,1/2",Wien : Mösle,1838,ger,Text,http://mdz-nbn-resolving.de/urn:nbn:de:bvb:12-bsb10742347-6,,"Becher, Siegfried",
bsb10228043,oai:bdr.oai.bsb-muenchen.de:all:BDR-BV001672485-19525,2021-11-09,"Enquête relative à diverses prohibitions établies à l'entrée des produits étrangers, commencée le 8 octobre 1834, sous la présidence de T. Duchâtel / 3. Fils et tissus de laine et de coton. - 1835. - 674 S.","[France, Ministère des Travaux Publics, de l'Agriculture et du Commerce] | Volltext // Exemplar mit der Signatur: München, Bayerische Staatsbibliothek -- 4 Merc. 708 r-3",Paris : Imp. Royale,1835,und,Text,http://mdz-nbn-resolving.de/urn:nbn:de:bvb:12-bsb10228043-6,"Frankreich, Ministère des travaux publics",,
bsb10311813,oai:bdr.oai.bsb-muenchen.de:all:BDR-BV035352676-12,2022-09-05,"Ueber allgemeines Maas und Gewicht aus den Forderungen der Natur, des Handels, der Polizey und der gegenwärtigen noch üblichen Maase und Gewichte abgeleitet : mit Vorschlägen zu mittleren Maasen und Gewichten und zu Münzen in leichtfaßlichen Verhältnissen mit den metrischen, unter vorzüglicher Rücksicht und Anwendung auf rheinische Lande / 1 : Erster Theil mit einem Titelkupfer und der Abbildung des vorgeschlagenen Fußmaases in natürlicher Größe, nebst drey Maassystemtabellen","Von Michael Friedrich Wild | Volltext // Exemplar mit der Signatur: München, Bayerische Staatsbibliothek -- Merc. 265 m-1/2",Carlsruhe : Müller,1815,ger,Text,http://mdz-nbn-resolving.de/urn:nbn:de:bvb:12-bsb10311813-6,,"Wild, Michael Friedrich",
bsb10347592,oai:bdr.oai.bsb-muenchen.de:all:BDR-BV001455277-27482,2021-11-06,Ideen zu einer staatswirthschaftlichen Statistik,"von Leopold Krug | Volltext // Exemplar mit der Signatur: München, Bayerische Staatsbibliothek -- 4 Cam. 16 vl",Berlin : Verl. der Realschulbuchh.,1807,ger,Text,http://mdz-nbn-resolving.de/urn:nbn:de:bvb:12-bsb10347592-7,,"Krug, Leopold",
bsb11034273,oai:bdr.oai.bsb-muenchen.de:all:BDR-BSBe991022399149707356-52530,2024-07-23,"Statistische Uebersichten über Waaren-Verkehr und Zoll-Ertrag im Deutschen Zoll-Vereine. Nummer 6, Übersicht der Waaren-Mengen und sonstigen Gegenstände, wofür in den einzelnen Hauptamtsbezirken des Gesammt-Zollvereins im Jahre ... Durchgangs-Abgaben erhoben worden sind / 1858","zsgest. von d. Central-Büreau d. Zoll-Vereins | Volltext // Exemplar mit der Signatur: München, Bayerische Staatsbibliothek -- 4 Merc. 701-1848/60",Berlin : Reimer,1858,ger,Text,http://mdz-nbn-resolving.de/urn:nbn:de:bvb:12-bsb11034273-2,Deutscher Zollverein,,
bsb10624164,oai:bdr.oai.bsb-muenchen.de:all:BDR-BSBe991022397229707356-63664,2024-07-02,"Statistische Uebersichten über Waaren-Verkehr und Zoll-Ertrag im Deutschen Zoll-Vereine. Nummer 9, Vergleichende Haupt-Uebersicht der seit 1836 jährlich in den freien Verkehr des Zoll-Vereins getretenen und der aus dem freien Verkehr des Zoll-Vereins ausgegangenen Waaren : für das Jahr ... / [1865]","zsgest. von dem Central-Bureau des Zoll-Vereins nach den amtlichen Mittheilungen der Zoll-Vereins-Staaten | Volltext // Exemplar mit der Signatur: München, Bayerische Staatsbibliothek -- 2 Merc. 32 k,II-1865",Berlin : Reimer,1865,ger,Text,http://mdz-nbn-resolving.de/urn:nbn:de:bvb:12-bsb10624164-6,Deutscher Zollverein,,
bsb10741974,oai:bdr.oai.bsb-muenchen.de:all:BDR-BV003980832-50886,2022-07-31,"Das österreichische Münzwesen vom Jahre 1524 bis 1838 in historischer, statistischer und legislativer Hinsicht : mit besonderer Berücksichtigung der allgemeinen deutschen Reichsmünzsysteme, der Münzverhältnisse fast aller in Europa während dieser Zeit coursierenden Gold-, Silber- und Kupfer-Geldsorten, und ihrere Balvierung nach dem österreichischen Münzfuße / 1,1 : Historischer, statistischer Theil","von Siegfried Becher | Volltext // Exemplar mit der Signatur: München, Bayerische Staatsbibliothek -- Num.rec. 6 h-1,1/2",Wien : Mösle,1838,ger,Text,http://mdz-nbn-resolving.de/urn:nbn:de:bvb:12-bsb10741974-9,,"Becher, Siegfried",
bsb11461039,oai:bdr.oai.bsb-muenchen.de:all:BDR-BSBe991017332739707356-4432,2024-07-23,"Übersichts-Tabelle der Ein-, Aus- und Durchfuhr : im Jahr ... / 1883","Schweizerische Eidgenossenschaft | Volltext // Exemplar mit der Signatur: München, Bayerische Staatsbibliothek -- 2 Merc. 51 u-1873/84",bern,1883,und,Text,http://mdz-nbn-resolving.de/urn:nbn:de:bvb:12-bsb11461039-6,Schweiz,,
bsb11461040,oai:bdr.oai.bsb-muenchen.de:all:BDR-BSBe991017332799707356-15226,2024-07-03,"Übersichts-Tabelle der Ein-, Aus- und Durchfuhr : im Jahr ... / 1884","Schweizerische Eidgenossenschaft | Volltext // Exemplar mit der Signatur: München, Bayerische Staatsbibliothek -- 2 Merc. 51 u-1873/84",bern,1884,und,Text,http://mdz-nbn-resolving.de/urn:nbn:de:bvb:12-bsb11461040-8,Schweiz,,
bsb10684967,oai:bdr.oai.bsb-muenchen.de:all:BDR-BV005901677-13850,2022-07-07,"Dissertations Sur La Rareté, Les Differentes Grandeurs Et La Contrefaction Des Médailles Antiques : Avec Des Tables Du Dégré De Rareté Des Médailles Des Anciens Peuples, Villes, Rois Et Des Empereurs Romains","Le Tout Traduit De Jean Pinkerton, Et Augmentè Des Indices Nècessaires Par Jean Godefroi Lipsius. Avec Une Géographie Numismatique Complette Des Anciens Peuples, Villes Et Rois | Enthält 7 Kupferstichillustrationen im Text | Volltext // Exemplar mit der Signatur: München, Bayerische Staatsbibliothek -- 4 Num.ant. 134 y",à Dresde : Chez Les Freres Walther,1795.,fre,Text,http://mdz-nbn-resolving.de/urn:nbn:de:bvb:12-bsb10684967-9,"Lipsius, Johann Gottfried | Walther'sche Hofbuchhandlung (Dresden)","Pinkerton, John",
bsb11021596,oai:bdr.oai.bsb-muenchen.de:all:BDR-BV019388026-1846,2021-11-07,"John Pinkerton's Abhandlung von der Seltenheit, den verschiedenen Größen, und der Nachahmung alter Münzen : Ebendesselben tabellarische Uebersicht von dem Grade der Seltenheit der Münzen alter Völker, Städte, Könige und Röm. Kaiser","Aus dem Englischen übersetzt und mit den nöthigen Registern versehen von Johann Gottfried Lipsius. Nebst einer vollständigen numismatischen Geographie der alten Völker, Städte und Könige | Vorlageform des Erscheinungsvermerks: Dresden, 1795. In der Waltherischen Hofbuchhandlung | Enth.: Joannis Pinkertonii Notitia Raritatis Numismatum Populorum Veterum ... Joannis Friderici Wackeri Geographia Numismatica, Seu Numorum Veterum Populorum Et Urbium Autonomōn Geographico ... | Volltext // Exemplar mit der Signatur: München, Bayerische Staatsbibliothek -- 4 Num.ant. 135",Dresden : Walther,1795,ger | lat,Text,http://mdz-nbn-resolving.de/urn:nbn:de:bvb:12-bsb11021596-0,"Lipsius, Johann Gottfried","Pinkerton, John",
bsb11034263,oai:bdr.oai.bsb-muenchen.de:all:BDR-BSBe991022398629707356-19042,2024-07-23,Statistische Uebersichten über Waaren-Verkehr und Zoll-Ertrag im Deutschen Zoll-Vereine : für das Jahr ... / 1848,"zsgest. von dem Central-Bureau des Zoll-Vereins nach den amtlichen Mittheilungen der Zollvereins-Staaten | Volltext // Exemplar mit der Signatur: München, Bayerische Staatsbibliothek -- 4 Merc. 701-1848/60",Berlin : Reimer,1848,ger,Text,http://mdz-nbn-resolving.de/urn:nbn:de:bvb:12-bsb11034263-6,Deutscher Zollverein,,
bsb11461036,oai:bdr.oai.bsb-muenchen.de:all:BDR-BSBe991017332579707356-47517,2024-07-23,"Übersichts-Tabelle der Ein-, Aus- und Durchfuhr : im Jahr ... / 1880","Schweizerische Eidgenossenschaft | Volltext // Exemplar mit der Signatur: München, Bayerische Staatsbibliothek -- 2 Merc. 51 u-1873/84",bern,1880,und,Text,http://mdz-nbn-resolving.de/urn:nbn:de:bvb:12-bsb11461036-5,Schweiz,,
bsb11314048,oai:bdr.oai.bsb-muenchen.de:all:BDR-BSBe991001024409707356-30773,2024-07-02,Jahrbücher für Nationalökonomie und Statistik : = Journal of economics and statistics / 25. 1875,"Volltext // Exemplar mit der Signatur: München, Bayerische Staatsbibliothek -- Cam. 76 id-25",Jena : Mauke,1875,ger,Text,http://mdz-nbn-resolving.de/urn:nbn:de:bvb:12-bsb11314048-7,,,Jahrbücher für Nationalökonomie und Statistik | Geschichte 1963-2013 | Wirtschaftspolitik | Wirtschaftsindikator | Volkswirtschaftslehre | Wirtschaftstheorie
bsb11381110,oai:bdr.oai.bsb-muenchen.de:all:BDR-BSBe991017332549707356-46446,2024-07-23,"Übersichts-Tabelle der Ein-, Aus- und Durchfuhr : im Jahr ... / 1879","Schweizerische Eidgenossenschaft | Volltext // Exemplar mit der Signatur: München, Bayerische Staatsbibliothek -- 2 Merc. 51 u-1873/84",bern,1879,und,Text,http://mdz-nbn-resolving.de/urn:nbn:de:bvb:12-bsb11381110-3,Schweiz,,
bsb11461037,oai:bdr.oai.bsb-muenchen.de:all:BDR-BSBe991017332639707356-11668,2024-07-23,"Übersichts-Tabelle der Ein-, Aus- und Durchfuhr : im Jahr ... / 1881","Schweizerische Eidgenossenschaft | Volltext // Exemplar mit der Signatur: München, Bayerische Staatsbibliothek -- 2 Merc. 51 u-1873/84",bern,1881,und,Text,http://mdz-nbn-resolving.de/urn:nbn:de:bvb:12-bsb11461037-1,Schweiz,,
bsb11461038,oai:bdr.oai.bsb-muenchen.de:all:BDR-BSBe991017332709707356-7587,2024-07-23,"Übersichts-Tabelle der Ein-, Aus- und Durchfuhr : im Jahr ... / 1882","Schweizerische Eidgenossenschaft | Volltext // Exemplar mit der Signatur: München, Bayerische Staatsbibliothek -- 2 Merc. 51 u-1873/84",bern,1882,und,Text,http://mdz-nbn-resolving.de/urn:nbn:de:bvb:12-bsb11461038-6,Schweiz,,
bsb10290810,oai:bdr.oai.bsb-muenchen.de:all:BDR-BV020201785-21600,2022-07-29,"History of the rise and progress of the iron trade of the United States from 1621 to 1857 : With numerous statistical tables, relating to the manufacture, importation, exportation, and prices of iron for more than a century","Volltext // Exemplar mit der Signatur: München, Bayerische Staatsbibliothek -- Merc. 76 q",New York : Wiley & Halsted,1858,eng,Text,http://mdz-nbn-resolving.de/urn:nbn:de:bvb:12-bsb10290810-8,,"French, B. F.","Iron industry and trade, United States | USA"
bsb10292438,oai:bdr.oai.bsb-muenchen.de:all:BDR-BV020957843-4079,2021-11-09,"Tabellen über Längen-, Flächen- und Körpermaaße, über den innern und gangbaren Werth der Münzen, über Vergleichung verschiedener Handelsgewichte, Ellen-, Getreid- und Getränkmaaße aller Länder, dann über das spezifische gewicht und der Verhältnißzahlen bei Flüssigkeiten, Metall, Mineralien, Holz etc. nach bayerischem Kubikschuh und Gewicht berechnet und zu verschiedenen Anwendungen geordnet etc nach der II. Abtheilung des mathematischen Werkes","Volltext // Exemplar mit der Signatur: München, Bayerische Staatsbibliothek -- Merc. 402 r",Kempten : Dannheimer,1843,und,Text,http://mdz-nbn-resolving.de/urn:nbn:de:bvb:12-bsb10292438-1,,"Reber, Peter",
bsb10311814,oai:bdr.oai.bsb-muenchen.de:all:BDR-BV035352693-23907,2022-09-05,"Ueber allgemeines Maas und Gewicht aus den Forderungen der Natur, des Handels, der Polizey und der gegenwärtigen noch üblichen Maase und Gewichte abgeleitet : mit Vorschlägen zu mittleren Maasen und Gewichten und zu Münzen in leichtfaßlichen Verhältnissen mit den metrischen, unter vorzüglicher Rücksicht und Anwendung auf rheinische Lande / 2 : Zweyter Theil mit einem Titelkupfer, drey Maassystem- und XIV. Verwandlungstabellen","Von Michael Friedrich Wild | Volltext // Exemplar mit der Signatur: München, Bayerische Staatsbibliothek -- Merc. 265 m-1/2",Carlsruhe : Müller,1815,ger,Text,http://mdz-nbn-resolving.de/urn:nbn:de:bvb:12-bsb10311814-1,,"Wild, Michael Friedrich",
bsb10227713,oai:bdr.oai.bsb-muenchen.de:all:BDR-BV020252351-60041,2021-11-05,Tabelle zur Berechnung der Zinsen von 1 Silbengroschen bis 100 Thaler für einen Tag bis zu einem Jahr,"Volltext // Exemplar mit der Signatur: München, Bayerische Staatsbibliothek -- 4 Merc. 135,33",Glogau : Od. später C. Flemming,1842,ger,Text,http://mdz-nbn-resolving.de/urn:nbn:de:bvb:12-bsb10227713-1,,"Jacobi, ...",
bsb10292464,oai:bdr.oai.bsb-muenchen.de:all:BDR-BV001613846-51066,2022-09-25,Tafeln zur Verwandlung des Längen- und Hohl-Maßes so wie des Gewichts und der Rechnungs-Münzen aller Hauptländer Europens und dessen vorzüglichsten Handelsplätze : mit Rücksicht auf die für den europäischen Handel wichtigen Orde der übrigen Welttheile / 3 : Tafeln der Handels- und Artillerie-Gewichte,"Volltext // Exemplar mit der Signatur: München, Bayerische Staatsbibliothek -- Merc. 407 h-3",Leipzig : Fleischer [u.a.],1823,ger | fre,Text,http://mdz-nbn-resolving.de/urn:nbn:de:bvb:12-bsb10292464-5,,"Löhmann, Friedrich",
bsb10292465,oai:bdr.oai.bsb-muenchen.de:all:BDR-BV001613847-47809,2022-09-25,Tafeln zur Verwandlung des Längen- und Hohl-Maßes so wie des Gewichts und der Rechnungs-Münzen aller Hauptländer Europens und dessen vorzüglichsten Handelsplätze : mit Rücksicht auf die für den europäischen Handel wichtigen Orde der übrigen Welttheile / 4 : Tafeln der Rechnungsmünzen,"Volltext // Exemplar mit der Signatur: München, Bayerische Staatsbibliothek -- Merc. 407 h-4",Leipzig : Fleischer [u.a.],1826,ger | fre,Text,http://mdz-nbn-resolving.de/urn:nbn:de:bvb:12-bsb10292465-1,,"Löhmann, Friedrich",
bsb11034264,oai:bdr.oai.bsb-muenchen.de:all:BDR-BSBe991022398699707356-12554,2024-07-23,Statistische Uebersichten über Waaren-Verkehr und Zoll-Ertrag im Deutschen Zoll-Vereine : für das Jahr ... / 1849,"zsgest. von dem Central-Bureau des Zoll-Vereins nach den amtlichen Mittheilungen der Zollvereins-Staaten | Volltext // Exemplar mit der Signatur: München, Bayerische Staatsbibliothek -- 4 Merc. 701-1848/60",Berlin : Reimer,1849,ger,Text,http://mdz-nbn-resolving.de/urn:nbn:de:bvb:12-bsb11034264-2,Deutscher Zollverein,,
bsb11034265,oai:bdr.oai.bsb-muenchen.de:all:BDR-BSBe991022398749707356-59408,2024-07-23,Statistische Uebersichten über Waaren-Verkehr und Zoll-Ertrag im Deutschen Zoll-Vereine : für das Jahr ... / 1850,"zsgest. von dem Central-Bureau des Zoll-Vereins nach den amtlichen Mittheilungen der Zollvereins-Staaten | Volltext // Exemplar mit der Signatur: München, Bayerische Staatsbibliothek -- 4 Merc. 701-1848/60",Berlin : Reimer,1850,ger,Text,http://mdz-nbn-resolving.de/urn:nbn:de:bvb:12-bsb11034265-7,Deutscher Zollverein,,
bsb11034275,oai:bdr.oai.bsb-muenchen.de:all:BDR-BSBe991022399269707356-9182,2024-07-02,"Statistische Uebersichten über Waaren-Verkehr und Zoll-Ertrag im Deutschen Zoll-Vereine. Nummer 6, Übersicht der Waaren-Mengen und sonstigen Gegenstände, wofür in den einzelnen Hauptamtsbezirken des Gesammt-Zollvereins im Jahre ... Durchgangs-Abgaben erhoben worden sind / 1860","zsgest. von d. Central-Büreau d. Zoll-Vereins | Volltext // Exemplar mit der Signatur: München, Bayerische Staatsbibliothek -- 4 Merc. 701-1848/60",Berlin : Reimer,1860,ger,Text,http://mdz-nbn-resolving.de/urn:nbn:de:bvb:12-bsb11034275-2,Deutscher Zollverein,,
bsb11576995,oai:bdr.oai.bsb-muenchen.de:all:BDR-BSBe991001025419707356-19270,2024-07-03,"Jahrbücher für Nationalökonomie und Statistik : = Journal of economics and statistics / 41 = N.F., Bd. 7. 1883","Volltext // Exemplar mit der Signatur: München, Bayerische Staatsbibliothek -- Cam. 76 id-41",Stuttgart ; Jena [u.a.] : Fischer,1883,ger,Text,http://mdz-nbn-resolving.de/urn:nbn:de:bvb:12-bsb11576995-5,,,Jahrbücher für Nationalökonomie und Statistik | Geschichte 1963-2013 | Wirtschaftspolitik | Wirtschaftsindikator | Volkswirtschaftslehre | Wirtschaftstheorie
bsb10228042,oai:bdr.oai.bsb-muenchen.de:all:BDR-BV001672484-40071,2021-11-09,"Enquête relative à diverses prohibitions établies à l'entrée des produits étrangers, commencée le 8 octobre 1834, sous la présidence de T. Duchâtel / 2. Poteries. Plaqués. Verreries. - 1835. - 329,8 S.","[France, Ministère des Travaux Publics, de l'Agriculture et du Commerce] | Volltext // Exemplar mit der Signatur: München, Bayerische Staatsbibliothek -- 4 Merc. 708 r-2",Paris : Imp. Royale,1835,und,Text,http://mdz-nbn-resolving.de/urn:nbn:de:bvb:12-bsb10228042-0,"Frankreich, Ministère des travaux publics",,
bsb10291251,oai:bdr.oai.bsb-muenchen.de:all:BDR-BV020291192-23584,2022-07-30,"Essai sur l'appréciation de la fortune privée au moyen age, relativement aux variations des valeurs monétaires et du pouvoir commercial de l'argent: suivi d'un examen critique des tables de prix du marc d'argent, depuis l'époque des St. Louis","Volltext // Exemplar mit der Signatur: München, Bayerische Staatsbibliothek -- Merc. 125 h",Paris : Guillaumin,1847,und,Text,http://mdz-nbn-resolving.de/urn:nbn:de:bvb:12-bsb10291251-8,,"Leber, C.",
bsb10347656,oai:bdr.oai.bsb-muenchen.de:all:BDR-BSBe991028368289707356-15313,2024-07-03,État des pensions du Département de la Marine : accordées depuis la formation du tableau arrêté au ... jusqu'au ... / 1818/19 (1820),"Volltext // Exemplar mit der Signatur: München, Bayerische Staatsbibliothek -- 4 Cam. 136 o-1818/19",Paris : Impr. Royale,1820,fre,Text,http://mdz-nbn-resolving.de/urn:nbn:de:bvb:12-bsb10347656-7,,"Frankreich, Ministère de la Marine et des Colonies",
bsb10292388,oai:bdr.oai.bsb-muenchen.de:all:BDR-BV001650062-52288,2021-11-09,"Ueber Hamburgs Handel / [2]. 1. Fortsetzung: Statistik des hamburgischen Handels 1839, 1840, 1841. - 1842. - VIII, 420 S.","Volltext // Exemplar mit der Signatur: München, Bayerische Staatsbibliothek -- Merc. 343 x-2",Hamburg : Hoffmann und Campe,1842,ger,Text,http://mdz-nbn-resolving.de/urn:nbn:de:bvb:12-bsb10292388-3,,"Soetbeer, Adolf",
bsb10942937,oai:bdr.oai.bsb-muenchen.de:all:BDR-BSBe991017332449707356-35242,2024-07-23,"Übersichts-Tabelle der Ein-, Aus- und Durchfuhr : im Jahr ... / 1873","Schweizerische Eidgenossenschaft | Volltext // Exemplar mit der Signatur: München, Bayerische Staatsbibliothek -- 2 Merc. 51 u-1873/84",bern,1873,und,Text,http://mdz-nbn-resolving.de/urn:nbn:de:bvb:12-bsb10942937-9,Schweiz,,
bsb10388362,oai:bdr.oai.bsb-muenchen.de:all:BDR-BSBe991001023619707356-6951,2024-07-03,Jahrbücher für Nationalökonomie und Statistik : = Journal of economics and statistics / 12. 1869,"Volltext // Exemplar mit der Signatur: München, Bayerische Staatsbibliothek -- Cam. 76 id-12",Jena : Mauke,1869,ger,Text,http://mdz-nbn-resolving.de/urn:nbn:de:bvb:12-bsb10388362-0,,,Jahrbücher für Nationalökonomie und Statistik | Geschichte 1963-2013 | Wirtschaftspolitik | Wirtschaftsindikator | Volkswirtschaftslehre | Wirtschaftstheorie
bsb11034276,oai:bdr.oai.bsb-muenchen.de:all:BDR-BSBe991022397959707356-28477,2024-07-23,Statistische Uebersichten über Waaren-Verkehr und Zoll-Ertrag im Deutschen Zoll-Vereine : für das Jahr ... / 1848,"zsgest. von dem Central-Bureau des Zoll-Vereins nach den amtlichen Mittheilungen der Zollvereins-Staaten | Volltext // Exemplar mit der Signatur: München, Bayerische Staatsbibliothek -- 4 Merc. 701 a-1848/60",Berlin : Reimer,1848,ger,Text,http://mdz-nbn-resolving.de/urn:nbn:de:bvb:12-bsb11034276-8,Deutscher Zollverein,,
bsb11034279,oai:bdr.oai.bsb-muenchen.de:all:BDR-BSBe991022398129707356-64679,2024-07-23,Statistische Uebersichten über Waaren-Verkehr und Zoll-Ertrag im Deutschen Zoll-Vereine : für das Jahr ... / 1851,"zsgest. von dem Central-Bureau des Zoll-Vereins nach den amtlichen Mittheilungen der Zollvereins-Staaten | Volltext // Exemplar mit der Signatur: München, Bayerische Staatsbibliothek -- 4 Merc. 701 a-1848/60",Berlin : Reimer,1851,ger,Text,http://mdz-nbn-resolving.de/urn:nbn:de:bvb:12-bsb11034279-8,Deutscher Zollverein,,
bsb10291774,oai:bdr.oai.bsb-muenchen.de:all:BDR-BV001650063-627,2021-11-09,Ueber Hamburgs Handel / 3 : Statistik des Hamburgischen Handels : 1842. 1843. 1844.,"Volltext // Exemplar mit der Signatur: München, Bayerische Staatsbibliothek -- Merc. 231 f-3",Hamburg : Hoffmann und Campe,1846,ger,Text,http://mdz-nbn-resolving.de/urn:nbn:de:bvb:12-bsb10291774-1,,"Soetbeer, Adolf",
bsb11034272,oai:bdr.oai.bsb-muenchen.de:all:BDR-BSBe991022399109707356-18703,2024-07-23,Statistische Uebersichten über Waaren-Verkehr und Zoll-Ertrag im Deutschen Zoll-Vereine : für das Jahr ... / 1857,"zsgest. von dem Central-Bureau des Zoll-Vereins nach den amtlichen Mittheilungen der Zollvereins-Staaten | Volltext // Exemplar mit der Signatur: München, Bayerische Staatsbibliothek -- 4 Merc. 701-1848/60",Berlin : Reimer,1857,ger,Text,http://mdz-nbn-resolving.de/urn:nbn:de:bvb:12-bsb11034272-6,Deutscher Zollverein,,
bsb11034277,oai:bdr.oai.bsb-muenchen.de:all:BDR-BSBe991022398039707356-21342,2024-07-23,Statistische Uebersichten über Waaren-Verkehr und Zoll-Ertrag im Deutschen Zoll-Vereine : für das Jahr ... / 1849,"zsgest. von dem Central-Bureau des Zoll-Vereins nach den amtlichen Mittheilungen der Zollvereins-Staaten | Volltext // Exemplar mit der Signatur: München, Bayerische Staatsbibliothek -- 4 Merc. 701 a-1848/60",Berlin : Reimer,1849,ger,Text,http://mdz-nbn-resolving.de/urn:nbn:de:bvb:12-bsb11034277-3,Deutscher Zollverein,,
bsb11034280,oai:bdr.oai.bsb-muenchen.de:all:BDR-BSBe991022398179707356-13171,2024-07-23,Statistische Uebersichten über Waaren-Verkehr und Zoll-Ertrag im Deutschen Zoll-Vereine : für das Jahr ... / 1852,"zsgest. von dem Central-Bureau des Zoll-Vereins nach den amtlichen Mittheilungen der Zollvereins-Staaten | Volltext // Exemplar mit der Signatur: München, Bayerische Staatsbibliothek -- 4 Merc. 701 a-1848/60",Berlin : Reimer,1852,ger,Text,http://mdz-nbn-resolving.de/urn:nbn:de:bvb:12-bsb11034280-1,Deutscher Zollverein,,
bsb11034281,oai:bdr.oai.bsb-muenchen.de:all:BDR-BSBe991022398229707356-2531,2024-07-23,Statistische Uebersichten über Waaren-Verkehr und Zoll-Ertrag im Deutschen Zoll-Vereine : für das Jahr ... / 1853,"zsgest. von dem Central-Bureau des Zoll-Vereins nach den amtlichen Mittheilungen der Zollvereins-Staaten | Volltext // Exemplar mit der Signatur: München, Bayerische Staatsbibliothek -- 4 Merc. 701 a-1848/60",Berlin : Reimer,1853,ger,Text,http://mdz-nbn-resolving.de/urn:nbn:de:bvb:12-bsb11034281-6,Deutscher Zollverein,,
bsb11034284,oai:bdr.oai.bsb-muenchen.de:all:BDR-BSBe991022398369707356-27086,2024-07-23,Statistische Uebersichten über Waaren-Verkehr und Zoll-Ertrag im Deutschen Zoll-Vereine : für das Jahr ... / 1856,"zsgest. von dem Central-Bureau des Zoll-Vereins nach den amtlichen Mittheilungen der Zollvereins-Staaten | Volltext // Exemplar mit der Signatur: München, Bayerische Staatsbibliothek -- 4 Merc. 701 a-1848/60",Berlin : Reimer,1856,ger,Text,http://mdz-nbn-resolving.de/urn:nbn:de:bvb:12-bsb11034284-2,Deutscher Zollverein,,
bsb11034278,oai:bdr.oai.bsb-muenchen.de:all:BDR-BSBe991022398079707356-41038,2024-07-23,Statistische Uebersichten über Waaren-Verkehr und Zoll-Ertrag im Deutschen Zoll-Vereine : für das Jahr ... / 1850,"zsgest. von dem Central-Bureau des Zoll-Vereins nach den amtlichen Mittheilungen der Zollvereins-Staaten | Volltext // Exemplar mit der Signatur: München, Bayerische Staatsbibliothek -- 4 Merc. 701 a-1848/60",Berlin : Reimer,1850,ger,Text,http://mdz-nbn-resolving.de/urn:nbn:de:bvb:12-bsb11034278-8,Deutscher Zollverein,,
bsb11034282,oai:bdr.oai.bsb-muenchen.de:all:BDR-BSBe991022398269707356-64243,2024-07-23,Statistische Uebersichten über Waaren-Verkehr und Zoll-Ertrag im Deutschen Zoll-Vereine : für das Jahr ... / 1854,"zsgest. von dem Central-Bureau des Zoll-Vereins nach den amtlichen Mittheilungen der Zollvereins-Staaten | Volltext // Exemplar mit der Signatur: München, Bayerische Staatsbibliothek -- 4 Merc. 701 a-1848/60",Berlin : Reimer,1854,ger,Text,http://mdz-nbn-resolving.de/urn:nbn:de:bvb:12-bsb11034282-1,Deutscher Zollverein,,
bsb11034283,oai:bdr.oai.bsb-muenchen.de:all:BDR-BSBe991022398309707356-58198,2024-07-23,Statistische Uebersichten über Waaren-Verkehr und Zoll-Ertrag im Deutschen Zoll-Vereine : für das Jahr ... / 1855,"zsgest. von dem Central-Bureau des Zoll-Vereins nach den amtlichen Mittheilungen der Zollvereins-Staaten | Volltext // Exemplar mit der Signatur: München, Bayerische Staatsbibliothek -- 4 Merc. 701 a-1848/60",Berlin : Reimer,1855,ger,Text,http://mdz-nbn-resolving.de/urn:nbn:de:bvb:12-bsb11034283-7,Deutscher Zollverein,,
bsb11034285,oai:bdr.oai.bsb-muenchen.de:all:BDR-BSBe991022398409707356-56032,2024-07-23,Statistische Uebersichten über Waaren-Verkehr und Zoll-Ertrag im Deutschen Zoll-Vereine : für das Jahr ... / 1857,"zsgest. von dem Central-Bureau des Zoll-Vereins nach den amtlichen Mittheilungen der Zollvereins-Staaten | Volltext // Exemplar mit der Signatur: München, Bayerische Staatsbibliothek -- 4 Merc. 701 a-1848/60",Berlin : Reimer,1857,ger,Text,http://mdz-nbn-resolving.de/urn:nbn:de:bvb:12-bsb11034285-7,Deutscher Zollverein,,
bsb11034287,oai:bdr.oai.bsb-muenchen.de:all:BDR-BSBe991022398549707356-47821,2024-07-23,"Statistische Uebersichten über Waaren-Verkehr und Zoll-Ertrag im Deutschen Zoll-Vereine. Nummer 2, Uebersicht des Waaren-Einganges auf dem Rhein und der Mosel : für das Jahr ... / 1859","zsgest. von dem Central-Bureau des Zoll-Vereins nach den amtlichen Mittheilungen der Zoll-Vereins-Staaten | Volltext // Exemplar mit der Signatur: München, Bayerische Staatsbibliothek -- 4 Merc. 701 a-1848/60",Berlin : Reimer,1859,ger,Text,http://mdz-nbn-resolving.de/urn:nbn:de:bvb:12-bsb11034287-8,Deutscher Zollverein,,
bsb11034288,oai:bdr.oai.bsb-muenchen.de:all:BDR-BSBe991022398589707356-61438,2024-07-03,"Statistische Uebersichten über Waaren-Verkehr und Zoll-Ertrag im Deutschen Zoll-Vereine. Nummer 2, Uebersicht des Waaren-Einganges auf dem Rhein und der Mosel : für das Jahr ... / 1860","zsgest. von dem Central-Bureau des Zoll-Vereins nach den amtlichen Mittheilungen der Zoll-Vereins-Staaten | Volltext // Exemplar mit der Signatur: München, Bayerische Staatsbibliothek -- 4 Merc. 701 a-1848/60",Berlin : Reimer,1860,ger,Text,http://mdz-nbn-resolving.de/urn:nbn:de:bvb:12-bsb11034288-3,Deutscher Zollverein,,
bsb11160425,oai:bdr.oai.bsb-muenchen.de:all:BDR-BV020195289-61152,2022-07-29,Getreide-Preis-Rechnung für den Getreide-Kauf nach dem amtlichen Gewichte in IV Tabellen : Bearbeitet von J. B. Fieger,"Volltext // Exemplar mit der Signatur: München, Bayerische Staatsbibliothek -- Merc. 72 r",Augsburg : Jenisch & Stage,1873,und,Text,http://mdz-nbn-resolving.de/urn:nbn:de:bvb:12-bsb11160425-6,,"Fieger, J. B.",
bsb11507405,oai:bdr.oai.bsb-muenchen.de:all:BDR-BSBe991020888139707356-43678,2024-07-03,Statistique de la navigation par le canal de Suez / 1881 (1883),"Ministère de l'Intérieur, Direction de la Statistique | Volltext // Exemplar mit der Signatur: München, Bayerische Staatsbibliothek -- 4 Merc. 101 f-1880/82",Le Caire : Imprimerie Nationale de Boulaq,1883,fre,Text,http://mdz-nbn-resolving.de/urn:nbn:de:bvb:12-bsb11507405-0,,,
bsb10290796,oai:bdr.oai.bsb-muenchen.de:all:BDR-BV001575616-36190,2021-11-30,"Ausführliche Rechnungs-Tabellen über die Erhebung der Ein-, Aus- und Durchgangs-Abgaben in d. K. preuß. und der mit dessen Zollsystem verbund. Staaten","Volltext // Exemplar mit der Signatur: München, Bayerische Staatsbibliothek -- Merc. 75 pn#Beibd.1",Köln a. Rh. : Schlösser,1829,ger,Text,http://mdz-nbn-resolving.de/urn:nbn:de:bvb:12-bsb10290796-3,,"Förster, Heinrich",
bsb11034274,oai:bdr.oai.bsb-muenchen.de:all:BDR-BSBe991022399219707356-38130,2024-07-23,"Statistische Uebersichten über Waaren-Verkehr und Zoll-Ertrag im Deutschen Zoll-Vereine. Nummer 6, Übersicht der Waaren-Mengen und sonstigen Gegenstände, wofür in den einzelnen Hauptamtsbezirken des Gesammt-Zollvereins im Jahre ... Durchgangs-Abgaben erhoben worden sind / 1859","zsgest. von d. Central-Büreau d. Zoll-Vereins | Volltext // Exemplar mit der Signatur: München, Bayerische Staatsbibliothek -- 4 Merc. 701-1848/60",Berlin : Reimer,1859,ger,Text,http://mdz-nbn-resolving.de/urn:nbn:de:bvb:12-bsb11034274-7,Deutscher Zollverein,,
bsb11507310,oai:bdr.oai.bsb-muenchen.de:all:BDR-BSBe991014499019707356-52628,2024-07-22,"Statistica del commercio speciale di importazione e di esportazione / 1888, 1. Jan. - 31. März","Istituto Centrale di Statistica del Regno d'Italia | Volltext // Exemplar mit der Signatur: München, Bayerische Staatsbibliothek -- 4 Merc. 101 e-1888,3/5",Roma : [Verlag nicht ermittelbar],1888,ita,Text,http://mdz-nbn-resolving.de/urn:nbn:de:bvb:12-bsb11507310-4,,,
bsb11507326,oai:bdr.oai.bsb-muenchen.de:all:BDR-BSBe991014499739707356-52062,2024-07-22,"Statistica del commercio speciale di importazione e di esportazione / 1889, 1. Jan. - 31. Juli","Istituto Centrale di Statistica del Regno d'Italia | Volltext // Exemplar mit der Signatur: München, Bayerische Staatsbibliothek -- 4 Merc. 101 e-1889,7/12",Roma : [Verlag nicht ermittelbar],1889,ita,Text,http://mdz-nbn-resolving.de/urn:nbn:de:bvb:12-bsb11507326-1,,,
bsb10388338,oai:bdr.oai.bsb-muenchen.de:all:BDR-BSBe991007169989707356-42113,2024-07-02,Jahrbuch für Volkswirthschaft und Statistik / 3. 1855,"hrsg. Otto Hübner | Volltext // Exemplar mit der Signatur: München, Bayerische Staatsbibliothek -- Cam. 74 uc-3",Berlin : Kühn,1855,ger,Text,http://mdz-nbn-resolving.de/urn:nbn:de:bvb:12-bsb10388338-7,"Hübner, Otto",,
bsb11507312,oai:bdr.oai.bsb-muenchen.de:all:BDR-BSBe991014499119707356-7366,2024-07-02,"Statistica del commercio speciale di importazione e di esportazione / 1888, 1. Jan. - 31. Mai","Istituto Centrale di Statistica del Regno d'Italia | Volltext // Exemplar mit der Signatur: München, Bayerische Staatsbibliothek -- 4 Merc. 101 e-1888,3/5",Roma : [Verlag nicht ermittelbar],1888,ita,Text,http://mdz-nbn-resolving.de/urn:nbn:de:bvb:12-bsb11507312-4,,,
bsb10227613,oai:bdr.oai.bsb-muenchen.de:all:BDR-BV001688782-50013,2021-11-09,"Lijst der regten op den in-uit-en doorvoer, geheven wordende van alle goederen, waren en Koopmanschappen in het Koningrijk der Nederlanden : Met eene aanwijzingstafel in de fransche taal","zamengesteld en bijgewerkt tot den 1. Junij 1828 ... door G. Veldman | PST: Tarif des droits d'entrée, de sortie ... | Volltext // Exemplar mit der Signatur: München, Bayerische Staatsbibliothek -- 4 Merc. 106 u#Beibd.1",S'Gravenhage : d'Albani,1828,und,Text,http://mdz-nbn-resolving.de/urn:nbn:de:bvb:12-bsb10227613-6,,"Veldman, G.",
bsb11034286,oai:bdr.oai.bsb-muenchen.de:all:BDR-BSBe991022398479707356-27836,2024-07-23,"Statistische Uebersichten über Waaren-Verkehr und Zoll-Ertrag im Deutschen Zoll-Vereine. Nummer 2, Uebersicht des Waaren-Einganges auf dem Rhein und der Mosel : für das Jahr ... / 1858","zsgest. von dem Central-Bureau des Zoll-Vereins nach den amtlichen Mittheilungen der Zoll-Vereins-Staaten | Volltext // Exemplar mit der Signatur: München, Bayerische Staatsbibliothek -- 4 Merc. 701 a-1848/60",Berlin : Reimer,1858,ger,Text,http://mdz-nbn-resolving.de/urn:nbn:de:bvb:12-bsb11034286-3,Deutscher Zollverein,,
bsb11507327,oai:bdr.oai.bsb-muenchen.de:all:BDR-BSBe991014499789707356-45618,2024-07-22,"Statistica del commercio speciale di importazione e di esportazione / 1889, 1. Jan. - 31. Aug.","Istituto Centrale di Statistica del Regno d'Italia | Volltext // Exemplar mit der Signatur: München, Bayerische Staatsbibliothek -- 4 Merc. 101 e-1889,7/12",Roma : [Verlag nicht ermittelbar],1889,ita,Text,http://mdz-nbn-resolving.de/urn:nbn:de:bvb:12-bsb11507327-6,,,
bsb11507328,oai:bdr.oai.bsb-muenchen.de:all:BDR-BSBe991014499839707356-54114,2024-07-22,"Statistica del commercio speciale di importazione e di esportazione / 1889, 1. Jan. - 30. Sept.","Istituto Centrale di Statistica del Regno d'Italia | Volltext // Exemplar mit der Signatur: München, Bayerische Staatsbibliothek -- 4 Merc. 101 e-1889,7/12",Roma : [Verlag nicht ermittelbar],1889,ita,Text,http://mdz-nbn-resolving.de/urn:nbn:de:bvb:12-bsb11507328-1,,,
bsb11507311,oai:bdr.oai.bsb-muenchen.de:all:BDR-BSBe991014499059707356-358,2024-07-22,"Statistica del commercio speciale di importazione e di esportazione / 1888, 1. Jan. - 30. Apr.","Istituto Centrale di Statistica del Regno d'Italia | Volltext // Exemplar mit der Signatur: München, Bayerische Staatsbibliothek -- 4 Merc. 101 e-1888,3/5",Roma : [Verlag nicht ermittelbar],1888,ita,Text,http://mdz-nbn-resolving.de/urn:nbn:de:bvb:12-bsb11507311-9,,,
bsb11507341,oai:bdr.oai.bsb-muenchen.de:all:BDR-BSBe991014500379707356-62986,2024-07-22,"Statistica del commercio speciale di importazione e di esportazione / 1890, 1. Jan. - 31. Okt.","Istituto Centrale di Statistica del Regno d'Italia | Volltext // Exemplar mit der Signatur: München, Bayerische Staatsbibliothek -- 4 Merc. 101 e-1890,7/12",Roma : [Verlag nicht ermittelbar],1890,ita,Text,http://mdz-nbn-resolving.de/urn:nbn:de:bvb:12-bsb11507341-5,,,
bsb11507404,oai:bdr.oai.bsb-muenchen.de:all:BDR-BSBe991020888099707356-58888,2024-07-23,Statistique de la navigation par le canal de Suez / 1880 (1881),"Ministère de l'Intérieur, Direction de la Statistique | Volltext // Exemplar mit der Signatur: München, Bayerische Staatsbibliothek -- 4 Merc. 101 f-1880/82",Le Caire : Imprimerie Nationale de Boulaq,1881,fre,Text,http://mdz-nbn-resolving.de/urn:nbn:de:bvb:12-bsb11507404-5,,,
bsb10227654,oai:bdr.oai.bsb-muenchen.de:all:BDR-BV001746495-15425,2021-11-09,Johann Christian Ludewig Wernicke practische Frachttabellen zum bequemen und nüzlichen Gebrauch für die Herren Spediteurs und Güterbestätiger aufs genaueste und accurateste berechnet,"Vorlageform des Erscheinungsvermerks: Frankfurt und Leipzig, auf Kosten Joseph Ehrenreich Ammermüllers. 1771. | Volltext // Exemplar mit der Signatur: München, Bayerische Staatsbibliothek -- 4 Merc. 120",Frankfurt ; Leipzig : Ammermüller,1771,ger,Text,http://mdz-nbn-resolving.de/urn:nbn:de:bvb:12-bsb10227654-2,,"Wernicke, Johann Christian Ludwig",
bsb11034271,oai:bdr.oai.bsb-muenchen.de:all:BDR-BSBe991022399059707356-55404,2024-07-23,Statistische Uebersichten über Waaren-Verkehr und Zoll-Ertrag im Deutschen Zoll-Vereine : für das Jahr ... / 1856,"zsgest. von dem Central-Bureau des Zoll-Vereins nach den amtlichen Mittheilungen der Zollvereins-Staaten | Volltext // Exemplar mit der Signatur: München, Bayerische Staatsbibliothek -- 4 Merc. 701-1848/60",Berlin : Reimer,1856,ger,Text,http://mdz-nbn-resolving.de/urn:nbn:de:bvb:12-bsb11034271-1,Deutscher Zollverein,,
bsb10228053,oai:bdr.oai.bsb-muenchen.de:all:BDR-BSBe991014836569707356-56710,2024-07-22,Genikos pinax tu exōteriku emporiu tēs Ellados : = Tableau général du commerce de la Grèce avec les nations étrangères / 1858 (1859),"Ypoyrgeion Oikonomikōn, Tmēma 4 | Volltext // Exemplar mit der Signatur: München, Bayerische Staatsbibliothek -- 4 Merc. 709 h-1858/59",Athēnai : Impr. Royale,1859,gre,Text,http://mdz-nbn-resolving.de/urn:nbn:de:bvb:12-bsb10228053-1,,,
bsb11507318,oai:bdr.oai.bsb-muenchen.de:all:BDR-BSBe991014499369707356-34564,2024-07-22,"Statistica del commercio speciale di importazione e di esportazione / 1888, 1. Jan. - 30. Nov.","Istituto Centrale di Statistica del Regno d'Italia | Volltext // Exemplar mit der Signatur: München, Bayerische Staatsbibliothek -- 4 Merc. 101 e-1888,6/12",Roma : [Verlag nicht ermittelbar],1888,ita,Text,http://mdz-nbn-resolving.de/urn:nbn:de:bvb:12-bsb11507318-6,,,
bsb10291661,oai:bdr.oai.bsb-muenchen.de:all:BDR-BSBe991025846459707356-15034,2024-07-03,"L. Rothschilds Taschenbuch für Kaufleute : ein Handbuch für Zöglinge des Handels, sowie ein Nachschlagebuch für jedes Kontor ; enthaltend das Ganze der Handelswissenschaft in übersichtlicher und gedrängter Darstellung ; mit zahlreichen Übersichten und Tabellen / 1861, 9. Aufl.","Volltext // Exemplar mit der Signatur: München, Bayerische Staatsbibliothek -- Merc. 206 ga",Leipzig : Gloeckner,1861,ger,Text,http://mdz-nbn-resolving.de/urn:nbn:de:bvb:12-bsb10291661-4,,,Kaufmann
bsb10290675,oai:bdr.oai.bsb-muenchen.de:all:BDR-BV006631277-5799,2021-11-06,Statistische Übersicht der wichtigsten Gegenstände des Verkehrs und Verbrauchs im preußischen Staate und im deutschen Zollvereine / [1] : In dem Zeitraume von 1831 bis 1836,"aus amtlichen Quellen dargest. von C. F. W. Dieterici | Volltext // Exemplar mit der Signatur: München, Bayerische Staatsbibliothek -- Merc. 55 e-1",Berlin [u.a.],1838,und,Text,http://mdz-nbn-resolving.de/urn:nbn:de:bvb:12-bsb10290675-6,,"Dieterici, Karl Friedrich Wilhelm",
bsb11507329,oai:bdr.oai.bsb-muenchen.de:all:BDR-BSBe991014499879707356-22063,2024-07-22,"Statistica del commercio speciale di importazione e di esportazione / 1889, 1. Jan. - 31. Okt.","Istituto Centrale di Statistica del Regno d'Italia | Volltext // Exemplar mit der Signatur: München, Bayerische Staatsbibliothek -- 4 Merc. 101 e-1889,7/12",Roma : [Verlag nicht ermittelbar],1889,ita,Text,http://mdz-nbn-resolving.de/urn:nbn:de:bvb:12-bsb11507329-2,,,
bsb10214021,oai:bdr.oai.bsb-muenchen.de:all:BDR-BSBe991014833289707356-32032,2024-07-02,Tableau général du commerce de la France avec ses colonies et les puissances étrangéres : pendant l'année ... / 1829,"Direction Générale des Douanes | Volltext // Exemplar mit der Signatur: München, Bayerische Staatsbibliothek -- 2 Merc. 28 m-1829",Paris : [Verlag nicht ermittelbar],1829,fre,Text,http://mdz-nbn-resolving.de/urn:nbn:de:bvb:12-bsb10214021-0,"Frankreich, Direction Générale des Douanes | Frankreich, Administration des Douanes",,
bsb10214022,oai:bdr.oai.bsb-muenchen.de:all:BDR-BSBe991014833319707356-47211,2024-07-01,Tableau général du commerce de la France avec ses colonies et les puissances étrangéres : pendant l'année ... / 1830,"Direction Générale des Douanes | Volltext // Exemplar mit der Signatur: München, Bayerische Staatsbibliothek -- 2 Merc. 28 m-1830",Paris : [Verlag nicht ermittelbar],1830,fre,Text,http://mdz-nbn-resolving.de/urn:nbn:de:bvb:12-bsb10214022-5,"Frankreich, Direction Générale des Douanes | Frankreich, Administration des Douanes",,
bsb10624158,oai:bdr.oai.bsb-muenchen.de:all:BDR-BSBe991022397339707356-2981,2024-07-02,"Statistische Uebersichten über Waaren-Verkehr und Zoll-Ertrag im Deutschen Zoll-Vereine. Nummer 8, Haupt-Uebersicht des Gesammt-Handels des Zoll-Vereins und der einzelnen Zoll-Vereins-Staaten : für das Jahr ... / 1865","zsgest. von dem Central-Bureau des Zoll-Vereins nach den amtlichen Mittheilungen der Zoll-Vereins-Staaten | Volltext // Exemplar mit der Signatur: München, Bayerische Staatsbibliothek -- 2 Merc. 32 k,III-1864/65",Berlin : Reimer,1865,ger,Text,http://mdz-nbn-resolving.de/urn:nbn:de:bvb:12-bsb10624158-2,Deutscher Zollverein,,
bsb11507321,oai:bdr.oai.bsb-muenchen.de:all:BDR-BSBe991014499529707356-27923,2024-07-22,"Statistica del commercio speciale di importazione e di esportazione / 1889, 1. Jan. - 28. Febr.","Istituto Centrale di Statistica del Regno d'Italia | Volltext // Exemplar mit der Signatur: München, Bayerische Staatsbibliothek -- 4 Merc. 101 e-1889,1/6",Roma : [Verlag nicht ermittelbar],1889,ita,Text,http://mdz-nbn-resolving.de/urn:nbn:de:bvb:12-bsb11507321-4,,,
bsb11507324,oai:bdr.oai.bsb-muenchen.de:all:BDR-BSBe991014499659707356-26448,2024-07-22,"Statistica del commercio speciale di importazione e di esportazione / 1889, 1. Jan. - 31. Mai","Istituto Centrale di Statistica del Regno d'Italia | Volltext // Exemplar mit der Signatur: München, Bayerische Staatsbibliothek -- 4 Merc. 101 e-1889,1/6",Roma : [Verlag nicht ermittelbar],1889,ita,Text,http://mdz-nbn-resolving.de/urn:nbn:de:bvb:12-bsb11507324-0,,,
bsb11507344,oai:bdr.oai.bsb-muenchen.de:all:BDR-BSBe991014500529707356-61634,2024-07-22,"Statistica del commercio speciale di importazione e di esportazione / 1891, 1. - 31. Jan.","Istituto Centrale di Statistica del Regno d'Italia | Volltext // Exemplar mit der Signatur: München, Bayerische Staatsbibliothek -- 4 Merc. 101 e-1891,1/6",Roma : [Verlag nicht ermittelbar],1891,ita,Text,http://mdz-nbn-resolving.de/urn:nbn:de:bvb:12-bsb11507344-1,,,
bsb10228034,oai:bdr.oai.bsb-muenchen.de:all:BDR-BV020358456-62190,2022-07-30,Das österreichische Tabak-Monopol seit dessen Ausdehnung auf das gesammte Staatsgebiet : Ein Beitrag zur Statistik des Tabak-Monopols,"Volltext // Exemplar mit der Signatur: München, Bayerische Staatsbibliothek -- 4 Merc. 705 o",Wien : Aus der Kais.-Königl. Hof- u. Staatsdruckerei,1857,ger,Text,http://mdz-nbn-resolving.de/urn:nbn:de:bvb:12-bsb10228034-6,,"Plenker, Georg Ritter von","Government monopolies, Austria | Tobacco industry, Austria | Österreich"
bsb10347657,oai:bdr.oai.bsb-muenchen.de:all:BDR-BSBe991028368329707356-10238,2024-07-02,État des pensions du Département de la Marine : accordées depuis la formation du tableau arrêté au ... jusqu'au ... / 1819/20 = 4 (1821),"Volltext // Exemplar mit der Signatur: München, Bayerische Staatsbibliothek -- 4 Cam. 136 o-1819/20",Paris : Impr. Royale,1821,fre,Text,http://mdz-nbn-resolving.de/urn:nbn:de:bvb:12-bsb10347657-2,,"Frankreich, Ministère de la Marine et des Colonies",
bsb11507330,oai:bdr.oai.bsb-muenchen.de:all:BDR-BSBe991014499919707356-52373,2024-07-22,"Statistica del commercio speciale di importazione e di esportazione / 1889, 1. Jan. - 30. Nov.","Istituto Centrale di Statistica del Regno d'Italia | Volltext // Exemplar mit der Signatur: München, Bayerische Staatsbibliothek -- 4 Merc. 101 e-1889,7/12",Roma : [Verlag nicht ermittelbar],1889,ita,Text,http://mdz-nbn-resolving.de/urn:nbn:de:bvb:12-bsb11507330-4,,,
bsb11507347,oai:bdr.oai.bsb-muenchen.de:all:BDR-BSBe991014500639707356-20490,2024-07-22,"Statistica del commercio speciale di importazione e di esportazione / 1891, 1. Jan. - 30. Apr.","Istituto Centrale di Statistica del Regno d'Italia | Volltext // Exemplar mit der Signatur: München, Bayerische Staatsbibliothek -- 4 Merc. 101 e-1891,1/6",Roma : [Verlag nicht ermittelbar],1891,ita,Text,http://mdz-nbn-resolving.de/urn:nbn:de:bvb:12-bsb11507347-7,,,
bsb10227520,oai:bdr.oai.bsb-muenchen.de:all:BDR-BV001632564-49812,2021-11-09,"Rechnungs-Tabelle über Ausgleichungs-Abgaben welche bei dem Uebergange aus einem der Vereinsgebiete in das andere, um darin zu verbleiben erhoben werden","Volltext // Exemplar mit der Signatur: München, Bayerische Staatsbibliothek -- 4 Merc. 85 m",Erlangen,1837,und,Text,http://mdz-nbn-resolving.de/urn:nbn:de:bvb:12-bsb10227520-0,,,
bsb11507314,oai:bdr.oai.bsb-muenchen.de:all:BDR-BSBe991014499219707356-7764,2024-07-22,"Statistica del commercio speciale di importazione e di esportazione / 1888, 1. Jan. - 31. Juli","Istituto Centrale di Statistica del Regno d'Italia | Volltext // Exemplar mit der Signatur: München, Bayerische Staatsbibliothek -- 4 Merc. 101 e-1888,2",Roma : [Verlag nicht ermittelbar],1888,ita,Text,http://mdz-nbn-resolving.de/urn:nbn:de:bvb:12-bsb11507314-5,,,
bsb11507315,oai:bdr.oai.bsb-muenchen.de:all:BDR-BSBe991014499269707356-31316,2024-07-22,"Statistica del commercio speciale di importazione e di esportazione / 1888, 1. Jan. - 31. Aug.","Istituto Centrale di Statistica del Regno d'Italia | Volltext // Exemplar mit der Signatur: München, Bayerische Staatsbibliothek -- 4 Merc. 101 e-1888,6/12",Roma : [Verlag nicht ermittelbar],1888,ita,Text,http://mdz-nbn-resolving.de/urn:nbn:de:bvb:12-bsb11507315-0,,,
bsb11507316,oai:bdr.oai.bsb-muenchen.de:all:BDR-BSBe991014499299707356-34421,2024-07-22,"Statistica del commercio speciale di importazione e di esportazione / 1888, 1. Jan. - 30. Sept.","Istituto Centrale di Statistica del Regno d'Italia | Volltext // Exemplar mit der Signatur: München, Bayerische Staatsbibliothek -- 4 Merc. 101 e-1888,6/12",Roma : [Verlag nicht ermittelbar],1888,ita,Text,http://mdz-nbn-resolving.de/urn:nbn:de:bvb:12-bsb11507316-6,,,
bsb11507322,oai:bdr.oai.bsb-muenchen.de:all:BDR-BSBe991014499579707356-13020,2024-07-22,"Statistica del commercio speciale di importazione e di esportazione / 1889, 1. Jan. - 31. März","Istituto Centrale di Statistica del Regno d'Italia | Volltext // Exemplar mit der Signatur: München, Bayerische Staatsbibliothek -- 4 Merc. 101 e-1889,1/6",Roma : [Verlag nicht ermittelbar],1889,ita,Text,http://mdz-nbn-resolving.de/urn:nbn:de:bvb:12-bsb11507322-9,,,
bsb11507325,oai:bdr.oai.bsb-muenchen.de:all:BDR-BSBe991014499699707356-29253,2024-07-02,"Statistica del commercio speciale di importazione e di esportazione / 1889, 1. Jan. - 30. Juni","Istituto Centrale di Statistica del Regno d'Italia | Volltext // Exemplar mit der Signatur: München, Bayerische Staatsbibliothek -- 4 Merc. 101 e-1889,1/6",Roma : [Verlag nicht ermittelbar],1889,ita,Text,http://mdz-nbn-resolving.de/urn:nbn:de:bvb:12-bsb11507325-5,,,
bsb11507342,oai:bdr.oai.bsb-muenchen.de:all:BDR-BSBe991014500429707356-53411,2024-07-22,"Statistica del commercio speciale di importazione e di esportazione / 1890, 1. Jan. - 30. Nov.","Istituto Centrale di Statistica del Regno d'Italia | Volltext // Exemplar mit der Signatur: München, Bayerische Staatsbibliothek -- 4 Merc. 101 e-1890,7/12",Roma : [Verlag nicht ermittelbar],1890,ita,Text,http://mdz-nbn-resolving.de/urn:nbn:de:bvb:12-bsb11507342-0,,,
bsb10227397,oai:bdr.oai.bsb-muenchen.de:all:BDR-BSBe991043216709707356-44669,2024-07-01,Statistischer Jahres-Bericht der Central-Commission für die Rhein-Schiffahrt / 1866/67 (1868),"Volltext // Exemplar mit der Signatur: München, Bayerische Staatsbibliothek -- 4 Merc. 47-1866/67",Mannheim : Schneider,1868,ger,Text,http://mdz-nbn-resolving.de/urn:nbn:de:bvb:12-bsb10227397-0,,Zentralkommission für die Rheinschifffahrt,
bsb11507348,oai:bdr.oai.bsb-muenchen.de:all:BDR-BSBe991014500679707356-40184,2024-07-22,"Statistica del commercio speciale di importazione e di esportazione / 1891, 1. Jan. - 31. Mai","Istituto Centrale di Statistica del Regno d'Italia | Volltext // Exemplar mit der Signatur: München, Bayerische Staatsbibliothek -- 4 Merc. 101 e-1891,1/6",Roma : [Verlag nicht ermittelbar],1891,ita,Text,http://mdz-nbn-resolving.de/urn:nbn:de:bvb:12-bsb11507348-2,,,
bsb11508175,oai:bdr.oai.bsb-muenchen.de:all:BDR-BSBe991015077819707356-42024,2024-11-22,Statistika na Knjažestvoto Bălgarija. Vănšna tărgovija na knjažestvoto = Commerce extérieur de la principauté / 1880/81 (1883),"izd. Statističesko Bjuro | Volltext // Exemplar mit der Signatur: München, Bayerische Staatsbibliothek -- 4 Merc. 733 z-1880/81",Sofija,1883,bul,Text,http://mdz-nbn-resolving.de/urn:nbn:de:bvb:12-bsb11508175-6,,Bulgarien,
bsb10347655,oai:bdr.oai.bsb-muenchen.de:all:BDR-BV013344546-21937,2021-11-07,"Tableau du titre, poids et valeur, des différentes monnaies dór et dárgent, qui circulent dans le com[m]erce : avec empreintes, auquel on a joint diverses tables, tarifs et règles utiles à ceux qui travaillent ou font commerce des matières dór et dárgent ainsi que la Loi du 19 brumaire an 6, relativeà la surveillance du titre et aux droits de garantie, ...","par Hugues Darier père, essayeur du commerce | Volltext // Exemplar mit der Signatur: München, Bayerische Staatsbibliothek -- 4 Cam. 136 n",Genève : [Selbstverl.],1807,fre,Text,http://mdz-nbn-resolving.de/urn:nbn:de:bvb:12-bsb10347655-2,,"Darier, Hugues",
bsb11507332,oai:bdr.oai.bsb-muenchen.de:all:BDR-BSBe991014500019707356-37284,2024-07-22,"Statistica del commercio speciale di importazione e di esportazione / 1890, 1. - 31. Jan.","Istituto Centrale di Statistica del Regno d'Italia | Volltext // Exemplar mit der Signatur: München, Bayerische Staatsbibliothek -- 4 Merc. 101 e-1890,1/6",Roma : [Verlag nicht ermittelbar],1890,ita,Text,http://mdz-nbn-resolving.de/urn:nbn:de:bvb:12-bsb11507332-5,,,
bsb10292389,oai:bdr.oai.bsb-muenchen.de:all:BDR-BV001650063-45947,2021-11-09,Ueber Hamburgs Handel / 3 : Statistik des Hamburgischen Handels : 1842. 1843. 1844.,"Volltext // Exemplar mit der Signatur: München, Bayerische Staatsbibliothek -- Merc. 343 x-3",Hamburg : Hoffmann und Campe,1846,ger,Text,http://mdz-nbn-resolving.de/urn:nbn:de:bvb:12-bsb10292389-2,,"Soetbeer, Adolf",
bsb11507313,oai:bdr.oai.bsb-muenchen.de:all:BDR-BSBe991014499179707356-60661,2024-07-22,"Statistica del commercio speciale di importazione e di esportazione / 1888, 1. Jan. - 30. Juni","Istituto Centrale di Statistica del Regno d'Italia | Volltext // Exemplar mit der Signatur: München, Bayerische Staatsbibliothek -- 4 Merc. 101 e-1888,6/12",Roma : [Verlag nicht ermittelbar],1888,ita,Text,http://mdz-nbn-resolving.de/urn:nbn:de:bvb:12-bsb11507313-0,,,
bsb11507317,oai:bdr.oai.bsb-muenchen.de:all:BDR-BSBe991014499319707356-12732,2024-07-22,"Statistica del commercio speciale di importazione e di esportazione / 1888, 1. Jan. - 31. Okt.","Istituto Centrale di Statistica del Regno d'Italia | Volltext // Exemplar mit der Signatur: München, Bayerische Staatsbibliothek -- 4 Merc. 101 e-1888,6/12",Roma : [Verlag nicht ermittelbar],1888,ita,Text,http://mdz-nbn-resolving.de/urn:nbn:de:bvb:12-bsb11507317-1,,,
bsb11187705,oai:bdr.oai.bsb-muenchen.de:all:BDR-BV020267434-47153,2022-07-30,"Die Reichs-Mark : Nachschlagetabellen zur mühelosen Umwandlung der süd- und norddeutschen, Hamburger Courant-, österreichischen und Franken-Währung, sowie des Bremer Geldes mit Brüchen und in abgerundeten Zahlen in die Neue Deutsche Reichswährung und umgekehrt. Von Philipp Kellerhals. Mit einer durch Beispiele erläuterten Anweisung zum Gebrauch der Tabellen","Volltext // Exemplar mit der Signatur: München, Bayerische Staatsbibliothek -- Merc. 116 ch",München : Weiß,1874,und,Text,http://mdz-nbn-resolving.de/urn:nbn:de:bvb:12-bsb11187705-5,,"Kellerhals, Philipp",
bsb10619975,oai:bdr.oai.bsb-muenchen.de:all:BDR-BV006773062-8912,2021-11-06,"Allgemeine vergleichende Finanz-Statistik : vergleichende Darstellung des Haushalts, Abgabenwesens und der Schulden Deutschlands und des übrigen Europa / 1,1 : Bayern, Württemberg, Baden, Großherzogthum Hessen, Kurfürstenthum Hessen, Nassau","von Frhrn. Friedr. von Reden | Volltext // Exemplar mit der Signatur: München, Bayerische Staatsbibliothek -- Cam. 112 cw-1,1",Darmstadt : Jonghaus,1851,ger,Text,http://mdz-nbn-resolving.de/urn:nbn:de:bvb:12-bsb10619975-3,,"Reden, Friedrich Wilhelm von",
bsb11481292,oai:bdr.oai.bsb-muenchen.de:all:BDR-BV020667968-57216,2022-07-13,Drucksachen der Kommission für Arbeiterstatistik : Erhebungen. [1. 2 m. d. Tit.:] Arbeiterstatistik. Bearbeitet im Kaiserlichen Statistischen Amt / 6,"Volltext // Exemplar mit der Signatur: München, Bayerische Staatsbibliothek -- 4 Cam. 5 ob-6",Berlin : Buchdr. W. Koebke [Später:] Carl Heymann,1894,und,Text,http://mdz-nbn-resolving.de/urn:nbn:de:bvb:12-bsb11481292-1,,,
bsb11507320,oai:bdr.oai.bsb-muenchen.de:all:BDR-BSBe991014499479707356-58254,2024-07-22,"Statistica del commercio speciale di importazione e di esportazione / 1889, 1. - 31. Jan.","Istituto Centrale di Statistica del Regno d'Italia | Volltext // Exemplar mit der Signatur: München, Bayerische Staatsbibliothek -- 4 Merc. 101 e-1889,1/6",Roma : [Verlag nicht ermittelbar],1889,ita,Text,http://mdz-nbn-resolving.de/urn:nbn:de:bvb:12-bsb11507320-9,,,
bsb11507349,oai:bdr.oai.bsb-muenchen.de:all:BDR-BSBe991014500709707356-29724,2024-07-22,"Statistica del commercio speciale di importazione e di esportazione / 1891, 1. Jan. - 30. Juni","Istituto Centrale di Statistica del Regno d'Italia | Volltext // Exemplar mit der Signatur: München, Bayerische Staatsbibliothek -- 4 Merc. 101 e-1891,1/6",Roma : [Verlag nicht ermittelbar],1891,ita,Text,http://mdz-nbn-resolving.de/urn:nbn:de:bvb:12-bsb11507349-2,,,
bsb11508046,oai:bdr.oai.bsb-muenchen.de:all:BDR-BSBe991003148599707356-53628,2024-07-02,"Beiträge zur Statistik des Rigaschen Handels. 2. Abtheilung, Rigas Handelsverkehr auf den Eisenbahnen / 1890 (1892)","hrsg. im Auftr. d. Handelsstatistischen Section d. Rigaer Börsen-Comités | Volltext // Exemplar mit der Signatur: München, Bayerische Staatsbibliothek -- 4 Merc. 714 p-1890,2",Riga,1892,ger,Text,http://mdz-nbn-resolving.de/urn:nbn:de:bvb:12-bsb11508046-1,,,
bsb10227603,oai:bdr.oai.bsb-muenchen.de:all:BDR-BSBe991006185099707356-708,2024-07-22,Tabellarische Übersichten des hamburgischen Handels / 1851,"hrsg. vom Handelsstatistischen Bureau | Volltext // Exemplar mit der Signatur: München, Bayerische Staatsbibliothek -- 4 Merc. 106 n-1850/54",Hamburg : Herold,1851,ger,Text,http://mdz-nbn-resolving.de/urn:nbn:de:bvb:12-bsb10227603-0,"Hamburg, Handelsstatistisches Bureau",,
bsb11507323,oai:bdr.oai.bsb-muenchen.de:all:BDR-BSBe991014499619707356-43938,2024-07-22,"Statistica del commercio speciale di importazione e di esportazione / 1889, 1. Jan. - 30. Apr.","Istituto Centrale di Statistica del Regno d'Italia | Volltext // Exemplar mit der Signatur: München, Bayerische Staatsbibliothek -- 4 Merc. 101 e-1889,1/6",Roma : [Verlag nicht ermittelbar],1889,ita,Text,http://mdz-nbn-resolving.de/urn:nbn:de:bvb:12-bsb11507323-5,,,
bsb11507333,oai:bdr.oai.bsb-muenchen.de:all:BDR-BSBe991014500059707356-23894,2024-07-22,"Statistica del commercio speciale di importazione e di esportazione / 1890, 1. Jan. - 28. Febr.","Istituto Centrale di Statistica del Regno d'Italia | Volltext // Exemplar mit der Signatur: München, Bayerische Staatsbibliothek -- 4 Merc. 101 e-1890,1/6",Roma : [Verlag nicht ermittelbar],1890,ita,Text,http://mdz-nbn-resolving.de/urn:nbn:de:bvb:12-bsb11507333-0,,,
bsb11034185,oai:bdr.oai.bsb-muenchen.de:all:BDR-BSBe991043216989707356-61193,2024-07-02,Statistischer Jahres-Bericht der Central-Commission für die Rhein-Schiffahrt / 1871 (1872),"Volltext // Exemplar mit der Signatur: München, Bayerische Staatsbibliothek -- 4 Merc. 47-1871",Mannheim : Schatt & Raisberger,1872,ger,Text,http://mdz-nbn-resolving.de/urn:nbn:de:bvb:12-bsb11034185-2,,Zentralkommission für die Rheinschifffahrt,
bsb11187722,oai:bdr.oai.bsb-muenchen.de:all:BDR-BV021023486-32831,2022-07-30,"Reductions-Tabelle von Reichsmark in Preussisch Courant, Süddeutsche Gulden- und Franken-Währung sowie umgekehrt zum Verhältniss von 3 Mark = 1 Rthlr. = 1 Gulden 45 Kreuzer = 3 Franken 75 Centimes bearbeitet von F. Trenkhorst und R. Telschow","Volltext // Exemplar mit der Signatur: München, Bayerische Staatsbibliothek -- Merc. 242 x",Berlin : R. v. Decker,1874,und,Text,http://mdz-nbn-resolving.de/urn:nbn:de:bvb:12-bsb11187722-0,,"Trenkhorst, F.",
bsb10227598,oai:bdr.oai.bsb-muenchen.de:all:BDR-BSBe991006184949707356-27015,2024-07-02,Tabellarische Übersichten des hamburgischen Handels / 1845/48 (1850),"hrsg. vom Handelsstatistischen Bureau | Volltext // Exemplar mit der Signatur: München, Bayerische Staatsbibliothek -- 4 Merc. 106 n-1845/48",Hamburg : Herold,1850,ger,Text,http://mdz-nbn-resolving.de/urn:nbn:de:bvb:12-bsb10227598-5,"Hamburg, Handelsstatistisches Bureau",,
bsb11507319,oai:bdr.oai.bsb-muenchen.de:all:BDR-BSBe991014499419707356-17162,2024-07-02,"Statistica del commercio speciale di importazione e di esportazione / 1888, 1. Jan. - 31. Dez.","Istituto Centrale di Statistica del Regno d'Italia | Volltext // Exemplar mit der Signatur: München, Bayerische Staatsbibliothek -- 4 Merc. 101 e-1888,6/12",Roma : [Verlag nicht ermittelbar],1888,ita,Text,http://mdz-nbn-resolving.de/urn:nbn:de:bvb:12-bsb11507319-6,,,
bsb11507403,oai:bdr.oai.bsb-muenchen.de:all:BDR-BSBe991014503119707356-15172,2024-07-03,"Statistica del commercio speciale di importazione e di esportazione / 1895, 1. Jan. - 31. Dez.","Istituto Centrale di Statistica del Regno d'Italia | Volltext // Exemplar mit der Signatur: München, Bayerische Staatsbibliothek -- 4 Merc. 101 e-1895,7/12",Roma : [Verlag nicht ermittelbar],1895,ita,Text,http://mdz-nbn-resolving.de/urn:nbn:de:bvb:12-bsb11507403-9,,,
bsb11034451,oai:bdr.oai.bsb-muenchen.de:all:BDR-BSBe991017264969707356-14312,2024-07-02,Ergebnisse der Rigaer Handelsstatistik : aus d. Jahren ... / 1876/80 (1882),"hrsg. im Auftr. d. Handelsstatistischen Section d. Rigaer Börsen-Comités | Volltext // Exemplar mit der Signatur: München, Bayerische Staatsbibliothek -- 4 Merc. 743 r-1876/80",Riga,1882,ger,Text,http://mdz-nbn-resolving.de/urn:nbn:de:bvb:12-bsb11034451-1,,,
